INSERT INTO `modules` (`id`, `name`, `code`, `created_at`, `updated_at`) VALUES ('1', 'Новости', 'news', '1995-07-11 02:23:39', '1977-07-17 16:55:29');
INSERT INTO `modules` (`id`, `name`, `code`, `created_at`, `updated_at`) VALUES ('2', 'Компании', 'company', '1982-08-01 18:58:52', '1978-06-24 23:06:24');
INSERT INTO `modules` (`id`, `name`, `code`, `created_at`, `updated_at`) VALUES ('3', 'Документы', 'documents', '1984-03-28 05:59:39', '1985-06-14 01:37:26');
INSERT INTO `modules` (`id`, `name`, `code`, `created_at`, `updated_at`) VALUES ('4', 'Сервисы', 'products', '1989-04-25 17:08:40', '1990-12-22 16:20:57');
INSERT INTO `modules` (`id`, `name`, `code`, `created_at`, `updated_at`) VALUES ('5', 'Услуги', 'services', '2018-09-25 08:22:40', '1985-07-12 08:55:51');
INSERT INTO `modules` (`id`, `name`, `code`, `created_at`, `updated_at`) VALUES ('6', 'Главная', 'main', '1994-09-18 06:01:53', '2008-03-31 10:58:38');
INSERT INTO `modules` (`id`, `name`, `code`, `created_at`, `updated_at`) VALUES ('7', 'Пользователи', 'users', '2004-11-25 01:52:07', '2013-10-16 10:03:21');

INSERT INTO `pages` (`id`, `name`, `code`, `text`, `module_id`, `keywords`, `description`, `title`, `created_at`, `updated_at`) VALUES ('1', 'ut', 'pages', 'Fugit inventore quia dolor iure et ipsa et. Consequatur mollitia provident eaque sint aliquid. Sit quibusdam doloribus incidunt temporibus enim aut et.', '4', NULL, 'Possimus libero adipisci veniam consequuntur et. Porro omnis illo inventore perspiciatis rerum.', 'Quia earum tempore quia quaerat ut suscipit itaque modi.', '1985-01-24 10:21:52', '2011-02-22 03:40:16');
INSERT INTO `pages` (`id`, `name`, `code`, `text`, `module_id`, `keywords`, `description`, `title`, `created_at`, `updated_at`) VALUES ('2', 'temporibus', 'domains', 'Accusantium minus illum ipsa sed. Qui sequi temporibus eos quis. At et ea voluptas voluptatem qui.', '6', NULL, 'Modi non voluptatem at unde ut magni vitae. Sapiente provident molestiae est vel consectetur. Eaque ', 'Optio et ad at ut incidunt reiciendis unde.', '2020-09-09 08:27:50', '1984-08-01 18:05:14');
INSERT INTO `pages` (`id`, `name`, `code`, `text`, `module_id`, `keywords`, `description`, `title`, `created_at`, `updated_at`) VALUES ('3', 'repudiandae', 'news', 'Rerum reiciendis dicta ea quia a velit ut. Qui dolor voluptatem aut sequi non. Dolor aliquam fuga commodi aut occaecati sunt mollitia.', '4', NULL, 'Dolores delectus iste ea fugit ad. Nobis sapiente odio provident eius et. Quis dolor unde beatae eum', 'Nam aut quo quo ut qui cum quia.', '1998-10-22 00:29:40', '1974-04-30 12:01:10');
INSERT INTO `pages` (`id`, `name`, `code`, `text`, `module_id`, `keywords`, `description`, `title`, `created_at`, `updated_at`) VALUES ('4', 'sequi', 'groups', 'Qui asperiores reprehenderit ab odio autem quis itaque. In quae fugiat in aut quod maiores qui. Quia explicabo repellat et aliquam qui alias cupiditate expedita.', '4', NULL, 'Harum laudantium ut placeat aut libero fugit fuga. Et nihil placeat sunt expedita aliquam animi. Omn', 'Eius fuga non temporibus enim.', '1976-11-11 04:01:25', '1986-08-04 14:11:50');
INSERT INTO `pages` (`id`, `name`, `code`, `text`, `module_id`, `keywords`, `description`, `title`, `created_at`, `updated_at`) VALUES ('5', 'et', 'company', 'Eaque accusantium voluptate incidunt et corrupti. Itaque voluptatem et nihil sed eligendi consequuntur. Error nemo asperiores delectus quod et sed occaecati.', '2', NULL, 'Deleniti at incidunt porro aut. Corrupti nisi eos odio dolorum dolor reprehenderit. Illo odio nesciu', 'Eligendi qui temporibus sunt.', '1983-12-13 02:18:34', '2020-04-24 03:50:42');
INSERT INTO `pages` (`id`, `name`, `code`, `text`, `module_id`, `keywords`, `description`, `title`, `created_at`, `updated_at`) VALUES ('6', 'velit', 'options', 'Culpa aliquam quas suscipit. Dolores qui distinctio similique quas.', '7', NULL, 'Reprehenderit enim laborum natus ratione et eveniet accusamus. Adipisci omnis necessitatibus porro a', 'Ratione excepturi perspiciatis fugit vel.', '1987-11-09 11:14:02', '2019-01-07 16:16:18');
INSERT INTO `pages` (`id`, `name`, `code`, `text`, `module_id`, `keywords`, `description`, `title`, `created_at`, `updated_at`) VALUES ('7', 'odio', 'main', 'Nobis ut ex dolores consectetur. Ut alias et quisquam eum est. Vel iure illo numquam ea recusandae dolore. Omnis eum dolor repellat sapiente esse repudiandae.', '5', NULL, 'Nesciunt ab et totam temporibus quas. Veritatis veritatis beatae est eius. Eum et non doloribus anim', 'Nemo aspernatur vero voluptatum praesentium dolor deserunt.', '1996-09-27 14:38:42', '1978-01-06 02:48:01');
INSERT INTO `pages` (`id`, `name`, `code`, `text`, `module_id`, `keywords`, `description`, `title`, `created_at`, `updated_at`) VALUES ('8', 'delectus', 'users', 'Deserunt eum ut amet occaecati iste qui quae. Distinctio aliquam et ut ipsam laudantium facere. Cupiditate illo dolore at. Assumenda autem placeat non suscipit.', '1', NULL, 'Rerum mollitia eum adipisci ea soluta aut. Debitis facilis in ut incidunt quaerat sequi. Ipsam offic', 'Iusto aut minus possimus voluptas rerum.', '1990-02-17 05:45:29', '1983-06-13 12:07:27');
INSERT INTO `pages` (`id`, `name`, `code`, `text`, `module_id`, `keywords`, `description`, `title`, `created_at`, `updated_at`) VALUES ('9', 'veniam', 'services', 'Vero non rem consequatur. Doloremque in neque nihil ullam quis sit. Beatae aut provident ea tenetur vel et.', '3', NULL, 'Perspiciatis labore iure quo ea architecto. Nobis vero odio est necessitatibus qui consequatur rem. ', 'A quasi asperiores in eius autem laboriosam.', '1986-12-13 20:05:12', '2019-10-09 12:47:48');
INSERT INTO `pages` (`id`, `name`, `code`, `text`, `module_id`, `keywords`, `description`, `title`, `created_at`, `updated_at`) VALUES ('10', 'libero', 'modules', 'Qui placeat id velit in quidem aut. Laudantium nesciunt et quo reiciendis omnis dolor. Qui est qui explicabo cum enim atque perspiciatis. Explicabo molestias dolor autem aut tempora.', '2', NULL, 'Molestiae ab quia doloremque soluta iure corporis illo. Id qui est doloremque beatae ratione eum ill', 'Consequatur numquam aut et ea accusamus facere officia est.', '1987-11-28 03:56:27', '1981-05-10 14:48:18');

INSERT INTO `crm_options` (`id`, `name`, `code`, `value`, `created_at`, `updated_at`) VALUES ('1', 'sed', 'juya', '56 pp', '1973-12-14 02:17:13', '1970-01-31 17:10:46');
INSERT INTO `crm_options` (`id`, `name`, `code`, `value`, `created_at`, `updated_at`) VALUES ('2', 'quod', 'yqlu', '34 pw', '1971-07-16 01:28:32', '1996-11-16 16:39:46');
INSERT INTO `crm_options` (`id`, `name`, `code`, `value`, `created_at`, `updated_at`) VALUES ('3', 'laborum', 'ehdg', '78 ge', '2014-02-12 20:22:25', '1971-06-08 22:22:09');
INSERT INTO `crm_options` (`id`, `name`, `code`, `value`, `created_at`, `updated_at`) VALUES ('4', 'occaecati', 'rffj', '40 cy', '2009-04-11 00:57:33', '2016-11-05 13:40:08');
INSERT INTO `crm_options` (`id`, `name`, `code`, `value`, `created_at`, `updated_at`) VALUES ('5', 'qui', 'cwod', '18 oh', '2000-08-23 06:51:28', '1973-08-26 23:12:11');
INSERT INTO `crm_options` (`id`, `name`, `code`, `value`, `created_at`, `updated_at`) VALUES ('6', 'nemo', 'gkfn', '71 tf', '1995-12-23 04:06:14', '2011-11-05 22:58:00');
INSERT INTO `crm_options` (`id`, `name`, `code`, `value`, `created_at`, `updated_at`) VALUES ('7', 'et', 'ykup', '31 yn', '2019-08-15 17:47:27', '1995-04-10 11:26:34');
INSERT INTO `crm_options` (`id`, `name`, `code`, `value`, `created_at`, `updated_at`) VALUES ('8', 'deserunt', 'gljt', '07 yj', '1990-09-12 04:10:37', '1976-11-16 13:06:21');
INSERT INTO `crm_options` (`id`, `name`, `code`, `value`, `created_at`, `updated_at`) VALUES ('9', 'quis', 'lvpu', '70 ns', '2000-10-21 10:49:50', '1990-01-22 11:23:21');
INSERT INTO `crm_options` (`id`, `name`, `code`, `value`, `created_at`, `updated_at`) VALUES ('10', 'voluptatum', 'kejs', '80 dt', '1990-07-14 16:52:37', '2013-07-17 14:00:45');
INSERT INTO `crm_options` (`id`, `name`, `code`, `value`, `created_at`, `updated_at`) VALUES ('11', 'vel', 'rfxx', '79 aa', '2020-07-17 22:30:50', '2007-05-17 20:38:12');
INSERT INTO `crm_options` (`id`, `name`, `code`, `value`, `created_at`, `updated_at`) VALUES ('12', 'voluptatem', 'hicw', '34 cr', '1981-09-07 19:35:45', '2020-11-25 23:43:01');
INSERT INTO `crm_options` (`id`, `name`, `code`, `value`, `created_at`, `updated_at`) VALUES ('13', 'inventore', 'iyrv', '91 dg', '1981-09-17 04:09:42', '2001-10-15 05:55:35');
INSERT INTO `crm_options` (`id`, `name`, `code`, `value`, `created_at`, `updated_at`) VALUES ('14', 'esse', 'tplb', '08 ts', '2006-03-09 22:31:31', '2006-02-21 04:50:31');
INSERT INTO `crm_options` (`id`, `name`, `code`, `value`, `created_at`, `updated_at`) VALUES ('15', 'at', 'ssyi', '49 gh', '1980-06-20 18:02:29', '1987-04-02 23:30:56');
INSERT INTO `crm_options` (`id`, `name`, `code`, `value`, `created_at`, `updated_at`) VALUES ('16', 'quae', 'rfbb', '66 ll', '1985-09-03 18:22:53', '2006-12-11 18:58:47');
INSERT INTO `crm_options` (`id`, `name`, `code`, `value`, `created_at`, `updated_at`) VALUES ('17', 'nihil', 'ntuz', '86 lf', '1986-09-12 04:35:32', '2021-04-02 14:54:54');
INSERT INTO `crm_options` (`id`, `name`, `code`, `value`, `created_at`, `updated_at`) VALUES ('18', 'enim', 'xcrs', '49 vp', '1982-12-26 20:54:05', '1970-06-04 11:15:47');
INSERT INTO `crm_options` (`id`, `name`, `code`, `value`, `created_at`, `updated_at`) VALUES ('19', 'velit', 'sckf', '60 uh', '2002-09-07 15:35:58', '1974-04-08 21:32:26');
INSERT INTO `crm_options` (`id`, `name`, `code`, `value`, `created_at`, `updated_at`) VALUES ('20', 'perspiciatis', 'utpa', '29 nx', '1989-02-18 10:53:36', '1982-05-13 17:56:45');
INSERT INTO `crm_options` (`id`, `name`, `code`, `value`, `created_at`, `updated_at`) VALUES ('21', 'doloribus', 'vlid', '88 kw', '1979-10-16 12:25:47', '2019-03-14 15:21:25');
INSERT INTO `crm_options` (`id`, `name`, `code`, `value`, `created_at`, `updated_at`) VALUES ('22', 'accusamus', 'wkma', '73 jp', '2003-06-19 04:14:46', '2014-03-30 22:29:12');
INSERT INTO `crm_options` (`id`, `name`, `code`, `value`, `created_at`, `updated_at`) VALUES ('23', 'est', 'uawb', '58 pu', '1996-02-29 05:25:38', '1971-11-11 23:53:59');
INSERT INTO `crm_options` (`id`, `name`, `code`, `value`, `created_at`, `updated_at`) VALUES ('24', 'et', 'jnhd', '64 gc', '1971-04-10 11:57:38', '1995-09-06 14:01:49');
INSERT INTO `crm_options` (`id`, `name`, `code`, `value`, `created_at`, `updated_at`) VALUES ('25', 'nobis', 'jgmj', '14 zv', '1993-04-13 12:34:06', '1994-12-07 03:46:27');
INSERT INTO `crm_options` (`id`, `name`, `code`, `value`, `created_at`, `updated_at`) VALUES ('26', 'est', 'vciu', '40 kb', '2008-03-09 04:44:51', '2020-07-15 04:37:40');
INSERT INTO `crm_options` (`id`, `name`, `code`, `value`, `created_at`, `updated_at`) VALUES ('27', 'adipisci', 'nikh', '39 th', '1973-05-29 05:41:19', '1999-08-05 22:22:12');
INSERT INTO `crm_options` (`id`, `name`, `code`, `value`, `created_at`, `updated_at`) VALUES ('28', 'omnis', 'zzgg', '10 jh', '1992-10-07 05:33:25', '1977-09-08 07:49:11');
INSERT INTO `crm_options` (`id`, `name`, `code`, `value`, `created_at`, `updated_at`) VALUES ('29', 'beatae', 'lgjw', '45 ck', '1978-06-11 08:48:26', '1984-01-30 16:22:19');
INSERT INTO `crm_options` (`id`, `name`, `code`, `value`, `created_at`, `updated_at`) VALUES ('30', 'unde', 'eywp', '94 yt', '2001-05-24 15:32:53', '2020-10-07 00:19:26');

INSERT INTO `user_groups` (`id`, `name`, `created_at`, `updated_at`) VALUES ('1', 'Администратор', '2007-06-19 13:53:15', '1982-09-14 01:51:35');
INSERT INTO `user_groups` (`id`, `name`, `created_at`, `updated_at`) VALUES ('2', 'Менеджер', '1996-05-20 15:01:57', '2015-08-30 06:37:57');
INSERT INTO `user_groups` (`id`, `name`, `created_at`, `updated_at`) VALUES ('3', 'Программист', '1977-08-17 05:44:37', '1991-05-23 10:40:25');

INSERT INTO `group_rules` (`id`, `group_id`, `name`, `module_id`, `restriction_level`, `created_at`, `updated_at`) VALUES ('1', '1', 'dolor', '1', '1', '1971-12-16 19:47:20', '2015-10-05 13:51:12');
INSERT INTO `group_rules` (`id`, `group_id`, `name`, `module_id`, `restriction_level`, `created_at`, `updated_at`) VALUES ('2', '1', 'quia', '7', '0', '2009-05-22 16:09:18', '1981-01-12 03:09:57');
INSERT INTO `group_rules` (`id`, `group_id`, `name`, `module_id`, `restriction_level`, `created_at`, `updated_at`) VALUES ('3', '1', 'sed', '1', '2', '2004-05-29 06:58:12', '1996-12-17 01:47:22');
INSERT INTO `group_rules` (`id`, `group_id`, `name`, `module_id`, `restriction_level`, `created_at`, `updated_at`) VALUES ('4', '3', 'vel', '2', '1', '2003-04-13 21:25:27', '1977-10-11 21:49:32');
INSERT INTO `group_rules` (`id`, `group_id`, `name`, `module_id`, `restriction_level`, `created_at`, `updated_at`) VALUES ('5', '2', 'quas', '1', '1', '1992-12-24 05:25:46', '2012-12-15 13:46:46');
INSERT INTO `group_rules` (`id`, `group_id`, `name`, `module_id`, `restriction_level`, `created_at`, `updated_at`) VALUES ('6', '2', 'quisquam', '3', '0', '1979-01-22 09:44:35', '2016-12-03 02:53:31');
INSERT INTO `group_rules` (`id`, `group_id`, `name`, `module_id`, `restriction_level`, `created_at`, `updated_at`) VALUES ('7', '3', 'repellendus', '1', '1', '1983-07-06 12:35:21', '1995-02-15 08:36:04');
INSERT INTO `group_rules` (`id`, `group_id`, `name`, `module_id`, `restriction_level`, `created_at`, `updated_at`) VALUES ('8', '2', 'similique', '4', '0', '1998-03-20 10:54:51', '2004-03-07 16:36:49');
INSERT INTO `group_rules` (`id`, `group_id`, `name`, `module_id`, `restriction_level`, `created_at`, `updated_at`) VALUES ('9', '2', 'unde', '1', '1', '2015-09-30 15:11:54', '2005-10-08 19:43:40');
INSERT INTO `group_rules` (`id`, `group_id`, `name`, `module_id`, `restriction_level`, `created_at`, `updated_at`) VALUES ('10', '1', 'et', '3', '0', '2005-11-23 13:12:08', '2015-12-25 14:01:55');
INSERT INTO `group_rules` (`id`, `group_id`, `name`, `module_id`, `restriction_level`, `created_at`, `updated_at`) VALUES ('11', '2', 'doloribus', '7', '1', '1987-12-13 01:59:17', '1999-02-09 12:15:23');
INSERT INTO `group_rules` (`id`, `group_id`, `name`, `module_id`, `restriction_level`, `created_at`, `updated_at`) VALUES ('12', '2', 'vel', '3', '0', '1990-03-26 09:36:03', '1986-02-05 16:04:13');
INSERT INTO `group_rules` (`id`, `group_id`, `name`, `module_id`, `restriction_level`, `created_at`, `updated_at`) VALUES ('13', '1', 'a', '7', '2', '1997-11-10 19:18:14', '2007-07-03 06:10:19');
INSERT INTO `group_rules` (`id`, `group_id`, `name`, `module_id`, `restriction_level`, `created_at`, `updated_at`) VALUES ('14', '1', 'dolor', '3', '2', '1983-11-13 18:06:27', '1976-03-04 18:15:13');
INSERT INTO `group_rules` (`id`, `group_id`, `name`, `module_id`, `restriction_level`, `created_at`, `updated_at`) VALUES ('15', '1', 'atque', '2', '1', '2012-08-05 04:39:59', '2019-03-14 13:27:57');
INSERT INTO `group_rules` (`id`, `group_id`, `name`, `module_id`, `restriction_level`, `created_at`, `updated_at`) VALUES ('16', '2', 'voluptatem', '3', '0', '2001-05-22 16:40:11', '1978-04-28 00:15:12');
INSERT INTO `group_rules` (`id`, `group_id`, `name`, `module_id`, `restriction_level`, `created_at`, `updated_at`) VALUES ('17', '1', 'qui', '4', '2', '1999-06-05 14:20:56', '2001-11-06 06:23:35');
INSERT INTO `group_rules` (`id`, `group_id`, `name`, `module_id`, `restriction_level`, `created_at`, `updated_at`) VALUES ('18', '1', 'est', '4', '0', '1971-09-23 20:03:28', '2002-05-24 20:17:22');
INSERT INTO `group_rules` (`id`, `group_id`, `name`, `module_id`, `restriction_level`, `created_at`, `updated_at`) VALUES ('19', '2', 'omnis', '2', '2', '2005-07-30 19:51:35', '1999-01-09 06:37:54');
INSERT INTO `group_rules` (`id`, `group_id`, `name`, `module_id`, `restriction_level`, `created_at`, `updated_at`) VALUES ('20', '3', 'quod', '2', '0', '2009-11-23 10:15:44', '2014-12-29 05:06:30');

INSERT INTO `users` (`id`, `firstname`, `lastname`, `email`, `password_hash`, `phone`, `group_id`, `created_at`, `updated_at`) VALUES ('51', 'Nasir', 'Langosh', 'yoshiko.hirthe@example.com', 'a8f22081475bde9e838a4624023574dfa1243753', 0, '1', '1996-06-23 10:03:29', '1973-06-11 14:16:59');
INSERT INTO `users` (`id`, `firstname`, `lastname`, `email`, `password_hash`, `phone`, `group_id`, `created_at`, `updated_at`) VALUES ('52', 'Lenna', 'Blick', 'carolyn.bernhard@example.com', '556edbd032db5479b3fa1415c04d8c584e624966', 22, '3', '2001-01-01 15:11:37', '1999-04-02 05:34:27');
INSERT INTO `users` (`id`, `firstname`, `lastname`, `email`, `password_hash`, `phone`, `group_id`, `created_at`, `updated_at`) VALUES ('53', 'Josefina', 'Gorczany', 'delores25@example.com', 'fb13794f4bcad9fa6f7f603a74e16f3893f54d30', 349, '2', '1988-12-25 00:27:32', '1984-08-19 12:13:32');
INSERT INTO `users` (`id`, `firstname`, `lastname`, `email`, `password_hash`, `phone`, `group_id`, `created_at`, `updated_at`) VALUES ('54', 'Mireya', 'Erdman', 'swaniawski.uriel@example.com', 'bd3735bf5abddcceaccff0c8eaeac3a42532fd3e', 1, '1', '2015-03-25 08:08:42', '1984-09-06 15:06:51');
INSERT INTO `users` (`id`, `firstname`, `lastname`, `email`, `password_hash`, `phone`, `group_id`, `created_at`, `updated_at`) VALUES ('57', 'Elnora', 'Rutherford', 'jebert@example.org', '5497a68e11fe18b4d6eb46edda8c460220419736', 4294967295, '1', '2003-12-01 11:52:18', '1975-10-02 20:15:40');
INSERT INTO `users` (`id`, `firstname`, `lastname`, `email`, `password_hash`, `phone`, `group_id`, `created_at`, `updated_at`) VALUES ('59', 'Jermaine', 'Torphy', 'cecilia.kuvalis@example.com', '530fd1f150a837506439e5959c1d847b7c5e203f', 814260, '1', '1997-09-25 16:50:25', '2010-05-21 05:30:07');
INSERT INTO `users` (`id`, `firstname`, `lastname`, `email`, `password_hash`, `phone`, `group_id`, `created_at`, `updated_at`) VALUES ('60', 'Joany', 'Nicolas', 'zbecker@example.com', '1ccffd8affd871d9f42f27ca14c35045c0f10fe2', 290, '3', '2000-12-10 11:17:54', '2007-05-03 23:05:41');
INSERT INTO `users` (`id`, `firstname`, `lastname`, `email`, `password_hash`, `phone`, `group_id`, `created_at`, `updated_at`) VALUES ('62', 'Torrey', 'Herzog', 'kaden54@example.org', 'e75ce83973ea8c901b298d675ae12d7a7bb85fb3', 852, '2', '2012-07-17 06:10:13', '2018-08-17 18:48:44');
INSERT INTO `users` (`id`, `firstname`, `lastname`, `email`, `password_hash`, `phone`, `group_id`, `created_at`, `updated_at`) VALUES ('64', 'Easter', 'Gottlieb', 'waters.marilie@example.org', 'fc33d78675c9558b86208adfe80b1a80c4245aa6', 348, '1', '2012-09-28 12:05:24', '2006-01-18 13:04:39');
INSERT INTO `users` (`id`, `firstname`, `lastname`, `email`, `password_hash`, `phone`, `group_id`, `created_at`, `updated_at`) VALUES ('65', 'Ethan', 'Stroman', 'coby.ferry@example.com', '300e4aa30d01d3e978522218c10621e36552f969', 667811, '3', '1970-08-25 16:27:01', '1985-06-25 07:44:38');
INSERT INTO `users` (`id`, `firstname`, `lastname`, `email`, `password_hash`, `phone`, `group_id`, `created_at`, `updated_at`) VALUES ('66', 'Kurt', 'Kuphal', 'gtowne@example.net', '886e97d7b1093ed68f6944017b79d826b8a5cb62', 385507, '3', '1986-08-31 00:08:52', '1977-12-04 23:26:00');
INSERT INTO `users` (`id`, `firstname`, `lastname`, `email`, `password_hash`, `phone`, `group_id`, `created_at`, `updated_at`) VALUES ('67', 'Zita', 'Lemke', 'edd24@example.com', 'da97eda356e89126456dc5d6b1605b9077ee7041', 635146, '3', '1988-06-17 19:49:43', '1975-01-06 11:32:29');
INSERT INTO `users` (`id`, `firstname`, `lastname`, `email`, `password_hash`, `phone`, `group_id`, `created_at`, `updated_at`) VALUES ('68', 'Anabelle', 'Wolf', 'carleton.weber@example.org', 'a4bfd5142f71663fd665a0b292009fd29b062470', 127, '2', '1978-04-07 21:03:13', '2017-01-15 01:04:04');
INSERT INTO `users` (`id`, `firstname`, `lastname`, `email`, `password_hash`, `phone`, `group_id`, `created_at`, `updated_at`) VALUES ('70', 'Ettie', 'Runolfsson', 'hassie97@example.org', '4d96acb330095685288742fe39d40a6535e5b2dd', 688, '3', '2002-05-27 21:33:43', '1990-10-02 20:53:56');
INSERT INTO `users` (`id`, `firstname`, `lastname`, `email`, `password_hash`, `phone`, `group_id`, `created_at`, `updated_at`) VALUES ('72', 'Maxie', 'Ziemann', 'marquis.barton@example.org', 'c2b785bffc7cd06c45ef3c4bdf1512948efe2a61', 126211, '2', '2005-05-31 12:28:10', '2005-06-07 16:18:34');
INSERT INTO `users` (`id`, `firstname`, `lastname`, `email`, `password_hash`, `phone`, `group_id`, `created_at`, `updated_at`) VALUES ('73', 'Adella', 'Buckridge', 'worn@example.net', '251e07cc185814f466af710ff91e4eb63f92c765', 412182, '1', '1997-04-03 04:44:19', '1971-11-30 18:50:27');
INSERT INTO `users` (`id`, `firstname`, `lastname`, `email`, `password_hash`, `phone`, `group_id`, `created_at`, `updated_at`) VALUES ('74', 'Manley', 'Keeling', 'anibal.greenfelder@example.org', '4fae095ad072d9d42b8d5c9a464dfa1ec75420c5', 189, '2', '1973-02-04 07:36:08', '2018-04-05 15:42:28');
INSERT INTO `users` (`id`, `firstname`, `lastname`, `email`, `password_hash`, `phone`, `group_id`, `created_at`, `updated_at`) VALUES ('79', 'Garrison', 'Willms', 'florine21@example.com', '5c4b60a8c6c942c41aca06d79f8afcbd9ae54eda', 35, '3', '2010-09-19 10:55:19', '2014-02-23 09:44:02');
INSERT INTO `users` (`id`, `firstname`, `lastname`, `email`, `password_hash`, `phone`, `group_id`, `created_at`, `updated_at`) VALUES ('82', 'Alden', 'Thiel', 'santino.hettinger@example.net', '5d99807a168466c0318b09ef72da21880b3c8ea9', 619, '1', '2000-07-05 22:13:54', '1975-10-04 12:17:08');
INSERT INTO `users` (`id`, `firstname`, `lastname`, `email`, `password_hash`, `phone`, `group_id`, `created_at`, `updated_at`) VALUES ('86', 'Briana', 'Kuvalis', 'xemard@example.net', 'bd5bff1a760441f382ae024e679e8d402ac46900', 301, '3', '2007-05-29 23:53:20', '1973-12-06 14:21:09');
INSERT INTO `users` (`id`, `firstname`, `lastname`, `email`, `password_hash`, `phone`, `group_id`, `created_at`, `updated_at`) VALUES ('87', 'Hortense', 'Nitzsche', 'qferry@example.com', '45bf8118d5b2b77ad7948fc26c44d273757ecfc3', 794, '1', '1975-01-20 20:50:13', '2005-02-17 04:18:17');
INSERT INTO `users` (`id`, `firstname`, `lastname`, `email`, `password_hash`, `phone`, `group_id`, `created_at`, `updated_at`) VALUES ('89', 'Arne', 'Kutch', 'jarrod07@example.com', '1189840ca2140f3bf136466dc675501585dc5d9e', 86, '3', '1990-03-10 05:08:53', '1994-11-01 21:10:28');
INSERT INTO `users` (`id`, `firstname`, `lastname`, `email`, `password_hash`, `phone`, `group_id`, `created_at`, `updated_at`) VALUES ('90', 'Chanel', 'Goyette', 'roselyn29@example.com', '4004bca6f81f888ad1696995b32430ce51d730ec', 486571168, '1', '2011-06-13 19:55:57', '2010-04-08 06:31:52');
INSERT INTO `users` (`id`, `firstname`, `lastname`, `email`, `password_hash`, `phone`, `group_id`, `created_at`, `updated_at`) VALUES ('91', 'Lucile', 'Mayert', 'vkunde@example.org', 'fe170617ea57f19ce2dc89727ed31a2d7486e72f', 57, '1', '2004-02-22 07:22:34', '1975-08-30 09:39:08');
INSERT INTO `users` (`id`, `firstname`, `lastname`, `email`, `password_hash`, `phone`, `group_id`, `created_at`, `updated_at`) VALUES ('93', 'Wilford', 'Kirlin', 'kreynolds@example.com', 'b2d37ed0a47c02acf403426ab2370f298dd13ebd', 652, '3', '2000-06-22 19:38:41', '1981-12-13 14:42:19');
INSERT INTO `users` (`id`, `firstname`, `lastname`, `email`, `password_hash`, `phone`, `group_id`, `created_at`, `updated_at`) VALUES ('95', 'Catharine', 'Schaefer', 'shemar75@example.org', '39c7bd0f96d9bc1fc4ed9410027cd6b24c013f13', 886, '3', '1978-01-01 04:45:48', '2006-07-21 15:05:50');
INSERT INTO `users` (`id`, `firstname`, `lastname`, `email`, `password_hash`, `phone`, `group_id`, `created_at`, `updated_at`) VALUES ('97', 'Serena', 'Keeling', 'lulu68@example.org', '197ed411193a254dd7744aab183f9a2dde781015', 493, '2', '1986-09-08 13:28:15', '1975-07-03 18:38:51');
INSERT INTO `users` (`id`, `firstname`, `lastname`, `email`, `password_hash`, `phone`, `group_id`, `created_at`, `updated_at`) VALUES ('99', 'Geovanni', 'Schamberger', 'mstroman@example.com', 'c000fb48515dda101020c840ed3c41ac99af89a0', 92, '1', '2001-03-08 14:59:18', '1993-01-30 17:50:31');
INSERT INTO `users` (`id`, `firstname`, `lastname`, `email`, `password_hash`, `phone`, `group_id`, `created_at`, `updated_at`) VALUES ('100', 'Abe', 'Cruickshank', 'jlegros@example.com', 'b28ca54dc4e3f4832b57b52848a1b9051ab6f4bf', 653, '3', '1985-03-12 20:49:00', '1993-06-30 07:37:40');

INSERT INTO `sessions` (`id`, `hash_string`, `ip_address`, `user_id`, `created_at`, `updated_at`) VALUES ('1', 'e2df9c5fcec86d226c4cc4faded845b4b5075593', '130.208.141.11', '60', '1981-07-19 20:05:18', '1987-11-17 21:39:56');
INSERT INTO `sessions` (`id`, `hash_string`, `ip_address`, `user_id`, `created_at`, `updated_at`) VALUES ('2', 'c664f962fcf5090cb08e3ea49fba1c42adab256d', '241.9.247.189', '97', '1992-04-17 03:11:19', '1980-09-21 19:58:07');
INSERT INTO `sessions` (`id`, `hash_string`, `ip_address`, `user_id`, `created_at`, `updated_at`) VALUES ('3', '3404734ece0a8a718988fd8c7adfad84704ec886', '16.0.98.158', '59', '1980-04-10 00:31:39', '2020-05-29 16:37:38');
INSERT INTO `sessions` (`id`, `hash_string`, `ip_address`, `user_id`, `created_at`, `updated_at`) VALUES ('4', '7c29106b2a35113dd4b147880c530ddddbd2c1af', '187.202.211.254', '93', '1984-06-09 18:38:13', '1989-02-24 22:13:26');
INSERT INTO `sessions` (`id`, `hash_string`, `ip_address`, `user_id`, `created_at`, `updated_at`) VALUES ('5', '160cfb403b842ea024123c18f56ad185dd53c917', '74.169.249.12', '68', '1971-08-09 14:52:48', '1976-04-16 08:46:13');
INSERT INTO `sessions` (`id`, `hash_string`, `ip_address`, `user_id`, `created_at`, `updated_at`) VALUES ('6', '46b0550e0004089ea9519dcd98526e5b0ffc685d', '244.123.94.216', '74', '1984-11-25 04:05:40', '2011-12-23 13:50:00');
INSERT INTO `sessions` (`id`, `hash_string`, `ip_address`, `user_id`, `created_at`, `updated_at`) VALUES ('7', 'ee2909245be24fd82132d3835531d8e32ba5a9ca', '106.239.90.223', '87', '1975-10-28 04:42:49', '1970-05-11 17:59:14');
INSERT INTO `sessions` (`id`, `hash_string`, `ip_address`, `user_id`, `created_at`, `updated_at`) VALUES ('8', 'e5f6852644398cda2d973987fcec8ec853c62837', '60.24.66.43', '59', '1977-12-04 00:51:39', '1998-06-18 17:51:51');
INSERT INTO `sessions` (`id`, `hash_string`, `ip_address`, `user_id`, `created_at`, `updated_at`) VALUES ('9', 'b69f5ccd16b50728c711bbf94cf15fe25dd1d621', '86.163.95.152', '93', '2007-02-26 05:49:45', '1978-02-04 14:57:43');
INSERT INTO `sessions` (`id`, `hash_string`, `ip_address`, `user_id`, `created_at`, `updated_at`) VALUES ('10', '0bf40458831be79567ab7665dba440fbabde23d0', '204.45.220.41', '74', '1995-07-05 03:42:12', '1979-04-28 04:34:21');
INSERT INTO `sessions` (`id`, `hash_string`, `ip_address`, `user_id`, `created_at`, `updated_at`) VALUES ('11', '584c1f85968a0a1ce54bde34bec3c259ef003319', '159.217.184.213', '73', '1998-06-07 17:22:17', '1991-11-12 02:39:35');
INSERT INTO `sessions` (`id`, `hash_string`, `ip_address`, `user_id`, `created_at`, `updated_at`) VALUES ('12', '7bb2514cb92a1fafe5c2d68d0b6f24125caa19ae', '116.132.52.8', '91', '1988-11-21 07:40:35', '1994-05-06 09:33:58');
INSERT INTO `sessions` (`id`, `hash_string`, `ip_address`, `user_id`, `created_at`, `updated_at`) VALUES ('13', 'ecc9a5902030e97f7f219a5a6e1b50e973bc088e', '205.216.62.48', '87', '2018-01-05 06:50:22', '2012-04-14 17:24:59');
INSERT INTO `sessions` (`id`, `hash_string`, `ip_address`, `user_id`, `created_at`, `updated_at`) VALUES ('14', '9210abe32cc2deccd9706d43edc345c5aa1f7ad0', '67.80.118.58', '59', '1998-07-01 17:19:05', '1980-09-02 08:53:26');
INSERT INTO `sessions` (`id`, `hash_string`, `ip_address`, `user_id`, `created_at`, `updated_at`) VALUES ('15', '85fae3ba174ce03e30eee634e35c9e6062a8fcff', '51.215.17.52', '70', '1973-04-01 12:02:22', '1994-01-26 18:49:45');
INSERT INTO `sessions` (`id`, `hash_string`, `ip_address`, `user_id`, `created_at`, `updated_at`) VALUES ('16', '80c37153ea26ffd64f19b161aa5330c15b5eaa52', '75.165.101.140', '90', '1988-08-17 18:08:54', '1985-06-30 03:53:58');
INSERT INTO `sessions` (`id`, `hash_string`, `ip_address`, `user_id`, `created_at`, `updated_at`) VALUES ('17', 'c96ab0ea9bec354f0d135b13d33231888819f7cb', '83.86.173.108', '74', '2017-11-05 05:50:42', '1975-03-26 14:56:30');
INSERT INTO `sessions` (`id`, `hash_string`, `ip_address`, `user_id`, `created_at`, `updated_at`) VALUES ('18', '1d5163e157f79088834250b7a674bb0419cc9fd3', '44.86.251.60', '74', '2011-05-06 15:33:38', '1978-07-18 00:52:18');
INSERT INTO `sessions` (`id`, `hash_string`, `ip_address`, `user_id`, `created_at`, `updated_at`) VALUES ('19', '05f5286db34aabfb3c7d5b4bc5f18d70d8ea573b', '65.139.228.174', '53', '1973-09-23 06:15:05', '1992-07-28 02:06:07');
INSERT INTO `sessions` (`id`, `hash_string`, `ip_address`, `user_id`, `created_at`, `updated_at`) VALUES ('20', 'ff62a02ea597136719f5005c9280b6099b27c0cc', '202.255.60.128', '100', '1998-04-20 04:39:16', '1992-04-27 08:54:17');
INSERT INTO `sessions` (`id`, `hash_string`, `ip_address`, `user_id`, `created_at`, `updated_at`) VALUES ('21', '86b9cf1420fbc4fc2b1cc7e75c65cd31d065fce8', '186.73.136.50', '87', '1997-01-27 03:59:12', '1982-04-17 18:00:44');
INSERT INTO `sessions` (`id`, `hash_string`, `ip_address`, `user_id`, `created_at`, `updated_at`) VALUES ('22', 'ae30022a576b96f0895c45e124453e373ce20d04', '220.195.143.195', '59', '1984-04-01 08:34:25', '1992-02-23 06:48:41');
INSERT INTO `sessions` (`id`, `hash_string`, `ip_address`, `user_id`, `created_at`, `updated_at`) VALUES ('23', '125b31adfae3ca9dad37bf53c31de5f01e796c8a', '236.77.197.113', '62', '1981-08-25 17:30:53', '2004-04-16 17:44:44');
INSERT INTO `sessions` (`id`, `hash_string`, `ip_address`, `user_id`, `created_at`, `updated_at`) VALUES ('24', '5ea0baae166618e37df5dafae233f175fd58e86f', '158.44.195.155', '95', '2015-12-17 12:03:25', '1982-08-06 12:51:38');
INSERT INTO `sessions` (`id`, `hash_string`, `ip_address`, `user_id`, `created_at`, `updated_at`) VALUES ('25', 'bbd13144be15574d4e10d441e2baf24691e33201', '30.2.131.232', '82', '1988-10-12 08:59:36', '1978-06-30 13:47:39');
INSERT INTO `sessions` (`id`, `hash_string`, `ip_address`, `user_id`, `created_at`, `updated_at`) VALUES ('26', '6d6d3a3c4dcf03865a3c1cf80779ed5ff1bfdf2a', '96.16.144.39', '99', '1977-02-16 03:35:46', '2013-02-13 22:20:28');
INSERT INTO `sessions` (`id`, `hash_string`, `ip_address`, `user_id`, `created_at`, `updated_at`) VALUES ('27', '9f76e1afab5e5f674eb7622b2727c89db7ba6a5b', '149.49.124.181', '87', '2009-12-04 02:30:14', '1994-07-12 15:58:55');
INSERT INTO `sessions` (`id`, `hash_string`, `ip_address`, `user_id`, `created_at`, `updated_at`) VALUES ('28', 'b0f5cd9545ff7e22aff60ae3ae24fe697805ce6e', '23.220.182.130', '100', '1984-09-27 05:23:57', '1973-03-07 00:01:25');
INSERT INTO `sessions` (`id`, `hash_string`, `ip_address`, `user_id`, `created_at`, `updated_at`) VALUES ('29', 'f3cff9566eed999530b4410ed5c8b0bc63d2dcfa', '112.65.213.178', '100', '1991-10-18 10:24:42', '1995-01-12 10:29:19');
INSERT INTO `sessions` (`id`, `hash_string`, `ip_address`, `user_id`, `created_at`, `updated_at`) VALUES ('30', '7a338873c8b6580d95352f5d8509f926aec38406', '212.55.143.176', '66', '1993-07-18 05:51:01', '2007-02-14 00:24:00');
INSERT INTO `sessions` (`id`, `hash_string`, `ip_address`, `user_id`, `created_at`, `updated_at`) VALUES ('31', '26e28e3e6d3cd44663e928a51e146cf961473091', '139.153.201.153', '68', '1990-04-17 06:12:07', '1987-04-13 02:21:31');
INSERT INTO `sessions` (`id`, `hash_string`, `ip_address`, `user_id`, `created_at`, `updated_at`) VALUES ('32', '4da09827262996b3ae8b39aeb9ce4c365bd357ae', '59.141.48.176', '59', '2007-06-25 19:18:14', '1984-11-02 16:38:43');
INSERT INTO `sessions` (`id`, `hash_string`, `ip_address`, `user_id`, `created_at`, `updated_at`) VALUES ('33', '4245bf32163be233227859930379ee7a31702f2f', '3.179.128.112', '64', '1985-05-26 23:12:36', '1977-04-12 15:14:44');
INSERT INTO `sessions` (`id`, `hash_string`, `ip_address`, `user_id`, `created_at`, `updated_at`) VALUES ('34', '70a81967f9b982bef4233c66ae155b662b64701b', '0.8.98.175', '79', '2006-07-18 07:19:07', '2005-02-08 12:45:39');
INSERT INTO `sessions` (`id`, `hash_string`, `ip_address`, `user_id`, `created_at`, `updated_at`) VALUES ('35', '1de5f9b7d5eee2fcd370b8d5aead043f1584b385', '111.184.208.215', '52', '2008-02-16 18:35:57', '1979-03-05 18:22:44');
INSERT INTO `sessions` (`id`, `hash_string`, `ip_address`, `user_id`, `created_at`, `updated_at`) VALUES ('36', '66c7aa4a2cf02355947b045aa494a42c9f5c8bd5', '123.133.54.207', '89', '2016-12-09 03:28:33', '1986-12-23 01:33:55');
INSERT INTO `sessions` (`id`, `hash_string`, `ip_address`, `user_id`, `created_at`, `updated_at`) VALUES ('37', '68bf563112a1337a875247500b02d3daed50ffcc', '108.41.56.156', '59', '1971-05-27 20:20:14', '1995-03-25 10:35:12');
INSERT INTO `sessions` (`id`, `hash_string`, `ip_address`, `user_id`, `created_at`, `updated_at`) VALUES ('38', '453b10428a20e37a35ecf59bae8c3891484686f0', '215.64.124.23', '89', '1994-02-02 22:45:17', '1971-03-26 03:41:36');
INSERT INTO `sessions` (`id`, `hash_string`, `ip_address`, `user_id`, `created_at`, `updated_at`) VALUES ('39', '5dd710d2b21e53c92d4bd0f91224a156d06fb2bc', '154.153.141.225', '97', '1998-07-17 20:23:53', '1990-01-06 20:14:04');
INSERT INTO `sessions` (`id`, `hash_string`, `ip_address`, `user_id`, `created_at`, `updated_at`) VALUES ('40', '55602f7c6b4576c14a0c1728d9450d75504ac497', '117.15.190.108', '52', '1977-10-05 09:12:53', '1970-11-16 06:57:15');
INSERT INTO `sessions` (`id`, `hash_string`, `ip_address`, `user_id`, `created_at`, `updated_at`) VALUES ('41', 'f63cad38f64a7fa3566a79d4d3bd68d7dc517b7c', '237.168.111.202', '65', '1977-11-19 09:03:16', '1993-05-01 14:47:23');
INSERT INTO `sessions` (`id`, `hash_string`, `ip_address`, `user_id`, `created_at`, `updated_at`) VALUES ('42', '8b7f2b8b9054619c6fcd4b77118d818257b29397', '48.241.87.48', '70', '2013-12-08 05:32:30', '2002-09-28 17:47:34');
INSERT INTO `sessions` (`id`, `hash_string`, `ip_address`, `user_id`, `created_at`, `updated_at`) VALUES ('43', '1e77a8e79988dea68cbb84b98aebbec8eb88ee7e', '231.114.122.13', '93', '2001-03-14 18:43:40', '1993-11-07 17:01:31');
INSERT INTO `sessions` (`id`, `hash_string`, `ip_address`, `user_id`, `created_at`, `updated_at`) VALUES ('44', 'd120f3b9793e2c93cc9403cb2a26debcf5f858fe', '220.131.150.113', '51', '1975-06-16 07:27:41', '1999-05-28 16:01:24');
INSERT INTO `sessions` (`id`, `hash_string`, `ip_address`, `user_id`, `created_at`, `updated_at`) VALUES ('45', '89a8991b31538b65e070ce430a91de133b46f7a4', '69.165.23.90', '82', '2015-06-11 04:15:32', '2015-10-31 14:23:11');
INSERT INTO `sessions` (`id`, `hash_string`, `ip_address`, `user_id`, `created_at`, `updated_at`) VALUES ('46', 'b54c0939e8e79bde7e6d3621e9059028652a502d', '21.227.20.168', '65', '2000-09-16 17:03:21', '1992-09-07 19:03:36');
INSERT INTO `sessions` (`id`, `hash_string`, `ip_address`, `user_id`, `created_at`, `updated_at`) VALUES ('47', '3ac9dca625a4c3f9b63717e811889b0fcfc48004', '125.56.167.198', '91', '1991-08-16 18:10:28', '1990-11-18 11:42:38');
INSERT INTO `sessions` (`id`, `hash_string`, `ip_address`, `user_id`, `created_at`, `updated_at`) VALUES ('48', '725d0142abb53f38ed1d782e2773520626d62ba5', '148.192.2.31', '60', '1992-09-20 03:03:04', '1970-12-28 06:13:56');
INSERT INTO `sessions` (`id`, `hash_string`, `ip_address`, `user_id`, `created_at`, `updated_at`) VALUES ('49', '82edf45dff9032d2b630d7413eb801a6045c8e8c', '176.193.83.176', '95', '1971-08-20 00:22:02', '2021-05-31 23:38:15');
INSERT INTO `sessions` (`id`, `hash_string`, `ip_address`, `user_id`, `created_at`, `updated_at`) VALUES ('50', 'ba2e54a16c2d293affe7a40e630be9a98564546e', '206.209.82.70', '95', '1981-10-14 14:50:46', '1971-01-01 01:42:31');
INSERT INTO `sessions` (`id`, `hash_string`, `ip_address`, `user_id`, `created_at`, `updated_at`) VALUES ('51', 'e4de0ba657d217489a9742a0b6f42bf9754b6799', '183.120.212.91', '59', '1995-01-30 14:48:12', '2021-01-31 14:44:18');
INSERT INTO `sessions` (`id`, `hash_string`, `ip_address`, `user_id`, `created_at`, `updated_at`) VALUES ('52', 'e7a39a3ddd5a1865497431da28f392b64d58b4d9', '241.23.77.233', '74', '1984-05-02 23:15:59', '1978-11-09 19:02:56');
INSERT INTO `sessions` (`id`, `hash_string`, `ip_address`, `user_id`, `created_at`, `updated_at`) VALUES ('53', '7d6c5c9f80540e88886a439b105c4267bf3e1e2e', '209.159.124.90', '52', '1985-06-27 03:20:48', '2011-01-10 01:08:42');
INSERT INTO `sessions` (`id`, `hash_string`, `ip_address`, `user_id`, `created_at`, `updated_at`) VALUES ('54', 'b75ffb64fa59acd44fa69da8f21dd7c2d70f0607', '104.219.200.62', '68', '2018-11-09 17:20:56', '1978-08-01 12:34:26');
INSERT INTO `sessions` (`id`, `hash_string`, `ip_address`, `user_id`, `created_at`, `updated_at`) VALUES ('55', '560b70a66e1131a6d5934defde4c6ca3272b9a66', '46.177.109.249', '70', '1989-01-22 03:24:21', '1981-07-07 10:58:17');
INSERT INTO `sessions` (`id`, `hash_string`, `ip_address`, `user_id`, `created_at`, `updated_at`) VALUES ('56', 'edfc2f64f6239533b09f690fb2e88114d4618293', '142.47.51.177', '86', '2008-04-23 20:25:11', '1982-11-08 03:03:34');
INSERT INTO `sessions` (`id`, `hash_string`, `ip_address`, `user_id`, `created_at`, `updated_at`) VALUES ('57', '0547efee0f4a61647e0693efe677896ff99261f7', '144.177.247.129', '67', '2000-07-29 10:17:42', '1997-10-02 14:26:49');
INSERT INTO `sessions` (`id`, `hash_string`, `ip_address`, `user_id`, `created_at`, `updated_at`) VALUES ('58', '2b9f95e527793c5f9c162feb04d3973d9de26e1e', '49.15.210.193', '59', '2017-06-09 01:38:04', '1998-03-07 01:13:37');
INSERT INTO `sessions` (`id`, `hash_string`, `ip_address`, `user_id`, `created_at`, `updated_at`) VALUES ('59', 'f62e5d08e210ea9b436b451766fb58eb5d34e663', '210.201.36.213', '86', '1989-04-23 16:55:10', '2010-05-26 19:15:17');
INSERT INTO `sessions` (`id`, `hash_string`, `ip_address`, `user_id`, `created_at`, `updated_at`) VALUES ('60', '35c1ee1b6881b5532acbfad51854268319b08abd', '53.155.213.70', '66', '2015-07-24 05:07:02', '1982-05-08 23:16:52');
INSERT INTO `sessions` (`id`, `hash_string`, `ip_address`, `user_id`, `created_at`, `updated_at`) VALUES ('61', '8bfdd14561096de23b18836139c02bdcc76662c6', '69.82.17.153', '74', '1993-04-06 05:42:23', '2014-10-12 04:48:15');
INSERT INTO `sessions` (`id`, `hash_string`, `ip_address`, `user_id`, `created_at`, `updated_at`) VALUES ('62', '6dfd5de08671209aa72b6b68b3cacc580aaefd38', '201.180.156.66', '53', '1984-05-11 08:50:23', '2002-04-07 23:08:36');
INSERT INTO `sessions` (`id`, `hash_string`, `ip_address`, `user_id`, `created_at`, `updated_at`) VALUES ('63', '1d6315897bc19d1e0f386e2b31d65eef33a890dd', '178.169.177.76', '74', '1982-05-10 17:47:46', '2016-05-15 04:26:44');
INSERT INTO `sessions` (`id`, `hash_string`, `ip_address`, `user_id`, `created_at`, `updated_at`) VALUES ('64', '67bb96b5dafb9bfbd89fad765cc033c58a76293e', '161.139.11.107', '93', '1976-10-02 09:40:18', '2020-01-27 07:50:16');
INSERT INTO `sessions` (`id`, `hash_string`, `ip_address`, `user_id`, `created_at`, `updated_at`) VALUES ('65', '325140183b27ac2d0215b38df7b37f8eb844382b', '89.167.201.20', '86', '1971-05-19 16:39:15', '1974-01-11 01:41:54');
INSERT INTO `sessions` (`id`, `hash_string`, `ip_address`, `user_id`, `created_at`, `updated_at`) VALUES ('66', '1f5d8c6f86febf41101aea715fac5ece08dace4e', '59.74.99.140', '79', '2015-04-09 00:51:04', '1984-10-31 01:15:08');
INSERT INTO `sessions` (`id`, `hash_string`, `ip_address`, `user_id`, `created_at`, `updated_at`) VALUES ('67', 'd1bb7d78b5e9cd5471f664ce41a273973499bc30', '93.182.74.206', '74', '1989-07-23 05:10:33', '2018-10-01 19:26:17');
INSERT INTO `sessions` (`id`, `hash_string`, `ip_address`, `user_id`, `created_at`, `updated_at`) VALUES ('68', 'c49993653c85c2b1a717b6a75d2d78dc16b86420', '224.51.82.174', '95', '1989-01-16 00:51:21', '2007-03-09 22:56:45');
INSERT INTO `sessions` (`id`, `hash_string`, `ip_address`, `user_id`, `created_at`, `updated_at`) VALUES ('69', '453c6fe62f192a0677311ec3f625a1725139f894', '185.94.9.22', '66', '2000-08-16 23:47:52', '1973-04-07 01:37:50');
INSERT INTO `sessions` (`id`, `hash_string`, `ip_address`, `user_id`, `created_at`, `updated_at`) VALUES ('70', '583c2c8f144271cc015f26b1996b4c4d4f6091b5', '118.164.139.42', '72', '1979-08-25 21:46:19', '1970-03-22 09:26:15');
INSERT INTO `sessions` (`id`, `hash_string`, `ip_address`, `user_id`, `created_at`, `updated_at`) VALUES ('71', 'bc6eace8592beace9568cad89519e13326c9a5c3', '227.221.47.47', '97', '1993-01-20 07:16:54', '2006-09-25 10:03:58');
INSERT INTO `sessions` (`id`, `hash_string`, `ip_address`, `user_id`, `created_at`, `updated_at`) VALUES ('72', '97d8e3902d2d88443a24c5d53c388c1f993534d3', '193.219.138.82', '86', '2012-11-04 14:47:01', '2014-08-20 08:02:24');
INSERT INTO `sessions` (`id`, `hash_string`, `ip_address`, `user_id`, `created_at`, `updated_at`) VALUES ('73', '1ed480d8634d1db1d2bef7ccb419edc37a3b8a06', '18.74.19.42', '99', '1999-10-21 06:05:04', '1976-07-17 17:19:56');
INSERT INTO `sessions` (`id`, `hash_string`, `ip_address`, `user_id`, `created_at`, `updated_at`) VALUES ('74', 'e6d39c84814214ae1a4638177896f8863b72e9d7', '118.135.223.98', '89', '2008-06-25 19:13:58', '2018-10-17 10:45:12');
INSERT INTO `sessions` (`id`, `hash_string`, `ip_address`, `user_id`, `created_at`, `updated_at`) VALUES ('75', 'b0d3e2dd2467d4174147a8121606de6f33f61c9b', '63.82.60.141', '87', '2019-08-20 14:02:18', '1992-01-01 06:05:27');
INSERT INTO `sessions` (`id`, `hash_string`, `ip_address`, `user_id`, `created_at`, `updated_at`) VALUES ('76', 'ab1b65077c42547d14c774affc20fe42c6e1fdef', '16.123.103.71', '79', '1986-01-22 22:47:02', '1997-04-11 01:29:54');
INSERT INTO `sessions` (`id`, `hash_string`, `ip_address`, `user_id`, `created_at`, `updated_at`) VALUES ('77', '6288cc9a25dd8fea78e1ea9c3ae623119ea2e1a3', '135.167.73.224', '52', '1989-07-09 18:43:22', '1993-09-27 19:51:40');
INSERT INTO `sessions` (`id`, `hash_string`, `ip_address`, `user_id`, `created_at`, `updated_at`) VALUES ('78', '2269f2139842db398bb4303d4770086cee561caa', '249.249.191.127', '73', '2019-05-30 23:21:12', '1976-12-30 10:17:36');
INSERT INTO `sessions` (`id`, `hash_string`, `ip_address`, `user_id`, `created_at`, `updated_at`) VALUES ('79', '6c05c65c77c2e09c27b31ac231c4a125b9049b7e', '115.1.99.52', '91', '2010-07-12 19:51:28', '2003-04-14 17:30:38');
INSERT INTO `sessions` (`id`, `hash_string`, `ip_address`, `user_id`, `created_at`, `updated_at`) VALUES ('80', '37dfbcb9aea0d2f1f59d9e74d8c48d55336033cb', '255.170.10.73', '99', '1976-08-20 01:05:51', '2020-03-30 16:19:51');
INSERT INTO `sessions` (`id`, `hash_string`, `ip_address`, `user_id`, `created_at`, `updated_at`) VALUES ('81', '44f7d8880dfb83ae704708d32638790ba3403e8b', '232.112.154.114', '67', '1974-12-12 00:36:05', '1996-11-09 01:50:17');
INSERT INTO `sessions` (`id`, `hash_string`, `ip_address`, `user_id`, `created_at`, `updated_at`) VALUES ('82', '1754bfdd56913cd6334e9a44ebd9dd14f443bb9d', '106.53.147.166', '51', '2004-01-11 06:32:41', '1990-05-08 00:18:38');
INSERT INTO `sessions` (`id`, `hash_string`, `ip_address`, `user_id`, `created_at`, `updated_at`) VALUES ('83', '7ea4dd5074bdd68af20bd7684a86ba1c1d126307', '93.158.68.163', '72', '1975-04-22 14:09:09', '1977-12-20 18:26:14');
INSERT INTO `sessions` (`id`, `hash_string`, `ip_address`, `user_id`, `created_at`, `updated_at`) VALUES ('84', '37265d6e0ee2127ba6da080e85f22284ee2f4485', '16.52.52.19', '70', '1980-05-30 01:51:03', '1976-12-17 03:37:57');
INSERT INTO `sessions` (`id`, `hash_string`, `ip_address`, `user_id`, `created_at`, `updated_at`) VALUES ('85', 'edb72617f4c364644326f6a75b9e2b83e64b305a', '26.210.144.157', '70', '2003-09-17 15:34:57', '1991-04-11 15:10:35');
INSERT INTO `sessions` (`id`, `hash_string`, `ip_address`, `user_id`, `created_at`, `updated_at`) VALUES ('86', '4207d223498eb52271f440e99e4064d99387e673', '15.151.10.234', '100', '2017-09-18 14:27:23', '1993-10-11 00:51:05');
INSERT INTO `sessions` (`id`, `hash_string`, `ip_address`, `user_id`, `created_at`, `updated_at`) VALUES ('87', '0121bfcc95a87c366cb0c7baa1f351badfed6fbd', '122.10.163.153', '54', '1998-06-29 03:20:08', '1989-05-26 23:49:03');
INSERT INTO `sessions` (`id`, `hash_string`, `ip_address`, `user_id`, `created_at`, `updated_at`) VALUES ('88', 'ff69c17540d8eda377f8b4060b1d3366ab7e0672', '193.137.170.227', '93', '1977-07-06 19:51:07', '2007-06-22 07:33:41');
INSERT INTO `sessions` (`id`, `hash_string`, `ip_address`, `user_id`, `created_at`, `updated_at`) VALUES ('89', 'f1d80a4b791b2f36a22270a268fe12d62b1a933f', '165.17.23.124', '59', '2008-03-24 04:26:25', '1979-02-12 09:08:45');
INSERT INTO `sessions` (`id`, `hash_string`, `ip_address`, `user_id`, `created_at`, `updated_at`) VALUES ('90', '4e99488ed15d7f1568ae656c16189a14653bc775', '115.172.75.240', '90', '1982-05-12 02:43:03', '2008-07-12 11:44:23');
INSERT INTO `sessions` (`id`, `hash_string`, `ip_address`, `user_id`, `created_at`, `updated_at`) VALUES ('91', '4e73ae3866fab96f9616ac45d38c3309329225c6', '31.51.136.187', '60', '2014-06-16 01:56:30', '1985-09-15 20:31:55');
INSERT INTO `sessions` (`id`, `hash_string`, `ip_address`, `user_id`, `created_at`, `updated_at`) VALUES ('92', '4c1dcced38cc61933512f373dbe0125de525fcc6', '211.160.239.35', '89', '2007-01-29 19:54:35', '1992-05-30 10:10:13');
INSERT INTO `sessions` (`id`, `hash_string`, `ip_address`, `user_id`, `created_at`, `updated_at`) VALUES ('93', 'a0816061de9571dcbadbf2568093303d422a4b62', '100.145.203.252', '95', '1970-06-20 07:56:07', '2001-08-30 23:37:10');
INSERT INTO `sessions` (`id`, `hash_string`, `ip_address`, `user_id`, `created_at`, `updated_at`) VALUES ('94', '020d3243138586caab0d31c4591da7795fd69447', '88.29.223.86', '91', '2001-01-27 14:59:43', '1975-05-12 11:39:51');
INSERT INTO `sessions` (`id`, `hash_string`, `ip_address`, `user_id`, `created_at`, `updated_at`) VALUES ('95', 'd6bc0e78fe8bc20be075b1376a45adc3f756df9a', '90.155.149.43', '74', '1985-03-19 03:45:07', '1993-07-16 19:38:51');
INSERT INTO `sessions` (`id`, `hash_string`, `ip_address`, `user_id`, `created_at`, `updated_at`) VALUES ('96', '4111ee2e5a7eeb3bdf9c43a716ed931f032b6984', '129.132.95.200', '74', '1975-02-17 03:50:53', '2014-08-03 03:36:46');
INSERT INTO `sessions` (`id`, `hash_string`, `ip_address`, `user_id`, `created_at`, `updated_at`) VALUES ('97', 'c639b297db3b10ed254ad42e1d705de030c2560b', '104.87.146.124', '68', '1977-09-21 10:59:13', '2000-01-12 01:53:09');
INSERT INTO `sessions` (`id`, `hash_string`, `ip_address`, `user_id`, `created_at`, `updated_at`) VALUES ('98', '634410d7d91471641d9db6de8a33de7ed0dda6b5', '42.67.115.28', '57', '1976-04-16 00:25:51', '1992-12-06 11:47:30');
INSERT INTO `sessions` (`id`, `hash_string`, `ip_address`, `user_id`, `created_at`, `updated_at`) VALUES ('99', 'd7a89cc9d4197636e5f8ff994d94ebf17b53ef54', '188.100.147.135', '68', '1983-05-16 17:33:34', '1993-12-23 07:36:08');
INSERT INTO `sessions` (`id`, `hash_string`, `ip_address`, `user_id`, `created_at`, `updated_at`) VALUES ('100', 'd62117f06474735a0e39557c257afe17ec056233', '81.62.112.203', '90', '1975-09-30 09:22:12', '2017-02-04 10:11:06');

INSERT INTO `region` (`id`, `name`, `parent_id`, `created_at`, `updated_at`) VALUES ('1', 'Northern Mariana Islands', '2', '1994-06-18 08:10:00', '1976-12-09 16:12:29');
INSERT INTO `region` (`id`, `name`, `parent_id`, `created_at`, `updated_at`) VALUES ('2', 'Honduras', '5', '1988-10-14 21:55:28', '1991-08-10 22:20:52');
INSERT INTO `region` (`id`, `name`, `parent_id`, `created_at`, `updated_at`) VALUES ('3', 'Mongolia', '6', '1971-03-29 19:35:00', '1988-08-08 06:31:35');
INSERT INTO `region` (`id`, `name`, `parent_id`, `created_at`, `updated_at`) VALUES ('4', 'Vanuatu', '9', '1996-11-03 23:02:03', '1989-12-30 22:41:54');
INSERT INTO `region` (`id`, `name`, `parent_id`, `created_at`, `updated_at`) VALUES ('5', 'Cocos (Keeling) Islands', '3', '1981-08-31 02:23:06', '1973-12-04 15:00:51');
INSERT INTO `region` (`id`, `name`, `parent_id`, `created_at`, `updated_at`) VALUES ('6', 'Tajikistan', '1', '2009-04-21 16:16:56', '1976-06-10 19:20:02');
INSERT INTO `region` (`id`, `name`, `parent_id`, `created_at`, `updated_at`) VALUES ('7', 'Lesotho', '6', '1970-07-18 07:02:44', '1977-12-26 22:26:46');
INSERT INTO `region` (`id`, `name`, `parent_id`, `created_at`, `updated_at`) VALUES ('8', 'Armenia', '9', '1971-01-01 11:12:53', '1970-05-21 07:39:04');
INSERT INTO `region` (`id`, `name`, `parent_id`, `created_at`, `updated_at`) VALUES ('9', 'Israel', '8', '2018-07-27 08:17:48', '1975-02-20 14:39:35');
INSERT INTO `region` (`id`, `name`, `parent_id`, `created_at`, `updated_at`) VALUES ('10', 'South Africa', '10', '2014-11-30 05:09:13', '2011-03-05 15:41:47');

INSERT INTO `location` (`id`, `name`, `region_id`, `created_at`, `updated_at`) VALUES ('1', 'North Tinaport', '9', '2010-09-25 02:05:41', '2018-07-28 20:32:13');
INSERT INTO `location` (`id`, `name`, `region_id`, `created_at`, `updated_at`) VALUES ('2', 'Gleasonport', '8', '1987-08-05 16:24:12', '1991-09-30 18:37:24');
INSERT INTO `location` (`id`, `name`, `region_id`, `created_at`, `updated_at`) VALUES ('3', 'West Malliehaven', '5', '2017-09-20 09:30:36', '1998-03-11 09:54:25');
INSERT INTO `location` (`id`, `name`, `region_id`, `created_at`, `updated_at`) VALUES ('4', 'Nikolauschester', '10', '1980-06-01 16:37:45', '2000-05-04 16:00:37');
INSERT INTO `location` (`id`, `name`, `region_id`, `created_at`, `updated_at`) VALUES ('5', 'Lake Dewitt', '8', '1970-04-19 11:21:47', '2019-12-09 15:07:44');
INSERT INTO `location` (`id`, `name`, `region_id`, `created_at`, `updated_at`) VALUES ('6', 'Brownshire', '9', '1987-04-10 22:50:45', '1984-07-13 20:42:00');
INSERT INTO `location` (`id`, `name`, `region_id`, `created_at`, `updated_at`) VALUES ('7', 'North Penelope', '9', '1979-08-04 09:12:10', '2006-11-05 15:08:15');
INSERT INTO `location` (`id`, `name`, `region_id`, `created_at`, `updated_at`) VALUES ('8', 'Port Vivian', '4', '1991-02-28 02:31:01', '1983-11-06 21:38:57');
INSERT INTO `location` (`id`, `name`, `region_id`, `created_at`, `updated_at`) VALUES ('9', 'West Marietta', '6', '1978-04-03 18:38:32', '2003-03-07 02:19:46');
INSERT INTO `location` (`id`, `name`, `region_id`, `created_at`, `updated_at`) VALUES ('10', 'Waelchimouth', '4', '1976-04-15 12:28:15', '1983-05-26 03:54:28');
INSERT INTO `location` (`id`, `name`, `region_id`, `created_at`, `updated_at`) VALUES ('11', 'Hartmannborough', '8', '2013-03-29 15:46:36', '1980-08-30 00:38:01');
INSERT INTO `location` (`id`, `name`, `region_id`, `created_at`, `updated_at`) VALUES ('12', 'Lake Andreanne', '5', '1972-07-11 04:23:59', '1995-10-28 14:43:41');
INSERT INTO `location` (`id`, `name`, `region_id`, `created_at`, `updated_at`) VALUES ('13', 'North Loyal', '6', '1988-09-19 13:33:17', '1976-12-21 16:33:09');
INSERT INTO `location` (`id`, `name`, `region_id`, `created_at`, `updated_at`) VALUES ('14', 'West Orphaburgh', '9', '1986-05-24 22:11:59', '2012-11-08 01:08:50');
INSERT INTO `location` (`id`, `name`, `region_id`, `created_at`, `updated_at`) VALUES ('15', 'East Archibald', '8', '2007-10-09 00:47:47', '2008-09-10 19:00:13');
INSERT INTO `location` (`id`, `name`, `region_id`, `created_at`, `updated_at`) VALUES ('16', 'Marjorystad', '9', '1970-08-06 18:31:31', '1973-04-25 03:18:28');
INSERT INTO `location` (`id`, `name`, `region_id`, `created_at`, `updated_at`) VALUES ('17', 'North Constancebury', '9', '1972-02-28 14:21:39', '2015-06-14 13:03:25');
INSERT INTO `location` (`id`, `name`, `region_id`, `created_at`, `updated_at`) VALUES ('18', 'Kelleyview', '2', '1970-04-14 10:33:23', '1977-01-25 23:44:54');
INSERT INTO `location` (`id`, `name`, `region_id`, `created_at`, `updated_at`) VALUES ('19', 'South Herminiaville', '4', '1987-05-07 04:47:45', '1973-03-09 08:57:25');
INSERT INTO `location` (`id`, `name`, `region_id`, `created_at`, `updated_at`) VALUES ('20', 'Moscow', '1', '1982-08-29 07:41:01', '2010-01-30 13:27:49');
INSERT INTO `location` (`id`, `name`, `region_id`, `created_at`, `updated_at`) VALUES ('21', 'New Leatha', '6', '2006-04-25 19:28:43', '1993-03-16 15:52:10');
INSERT INTO `location` (`id`, `name`, `region_id`, `created_at`, `updated_at`) VALUES ('22', 'Lake Lilla', '1', '2010-12-27 04:35:53', '1983-03-07 13:16:42');
INSERT INTO `location` (`id`, `name`, `region_id`, `created_at`, `updated_at`) VALUES ('23', 'Cleobury', '9', '2002-11-21 12:24:35', '1980-06-22 23:06:30');
INSERT INTO `location` (`id`, `name`, `region_id`, `created_at`, `updated_at`) VALUES ('24', 'Granthaven', '5', '2002-12-01 22:53:54', '2010-03-21 07:16:19');
INSERT INTO `location` (`id`, `name`, `region_id`, `created_at`, `updated_at`) VALUES ('25', 'West Terranceton', '7', '2005-03-11 20:49:59', '1995-07-20 15:12:10');
INSERT INTO `location` (`id`, `name`, `region_id`, `created_at`, `updated_at`) VALUES ('26', 'North Tiana', '8', '1987-08-20 17:15:47', '1991-05-09 11:22:47');
INSERT INTO `location` (`id`, `name`, `region_id`, `created_at`, `updated_at`) VALUES ('27', 'Feestton', '10', '1979-10-19 15:04:54', '2015-08-08 22:08:47');
INSERT INTO `location` (`id`, `name`, `region_id`, `created_at`, `updated_at`) VALUES ('28', 'Chandlerburgh', '8', '1995-12-20 18:52:02', '2005-02-25 12:46:45');
INSERT INTO `location` (`id`, `name`, `region_id`, `created_at`, `updated_at`) VALUES ('29', 'Chaimside', '1', '1991-03-28 14:24:23', '1990-03-02 18:54:40');
INSERT INTO `location` (`id`, `name`, `region_id`, `created_at`, `updated_at`) VALUES ('30', 'Madilynmouth', '10', '1994-08-13 09:54:30', '1994-09-14 08:00:08');
INSERT INTO `location` (`id`, `name`, `region_id`, `created_at`, `updated_at`) VALUES ('31', 'West Claudineport', '9', '2017-05-22 16:44:06', '2003-06-29 08:50:35');
INSERT INTO `location` (`id`, `name`, `region_id`, `created_at`, `updated_at`) VALUES ('32', 'North Margotview', '9', '1985-10-28 02:25:29', '2001-11-11 17:38:17');
INSERT INTO `location` (`id`, `name`, `region_id`, `created_at`, `updated_at`) VALUES ('33', 'Port Cecilside', '8', '2003-05-09 11:13:04', '1996-06-20 15:51:16');
INSERT INTO `location` (`id`, `name`, `region_id`, `created_at`, `updated_at`) VALUES ('34', 'Josefurt', '3', '1972-09-27 22:53:59', '1982-01-31 05:29:26');
INSERT INTO `location` (`id`, `name`, `region_id`, `created_at`, `updated_at`) VALUES ('35', 'New Kieranville', '9', '2005-12-22 22:40:41', '1995-08-08 20:19:09');
INSERT INTO `location` (`id`, `name`, `region_id`, `created_at`, `updated_at`) VALUES ('36', 'Sethmouth', '6', '2019-12-12 02:21:05', '1983-11-27 15:12:01');
INSERT INTO `location` (`id`, `name`, `region_id`, `created_at`, `updated_at`) VALUES ('37', 'Peggiebury', '2', '1984-09-02 02:31:40', '2001-03-15 15:36:19');
INSERT INTO `location` (`id`, `name`, `region_id`, `created_at`, `updated_at`) VALUES ('38', 'North Gretaview', '8', '1982-09-06 05:48:50', '1992-08-29 03:52:25');
INSERT INTO `location` (`id`, `name`, `region_id`, `created_at`, `updated_at`) VALUES ('39', 'North Melody', '9', '2018-01-18 10:21:38', '1995-10-14 13:42:39');
INSERT INTO `location` (`id`, `name`, `region_id`, `created_at`, `updated_at`) VALUES ('40', 'North Aylinmouth', '8', '1984-03-05 00:09:35', '2007-12-16 04:26:12');
INSERT INTO `location` (`id`, `name`, `region_id`, `created_at`, `updated_at`) VALUES ('41', 'East Judahshire', '1', '2003-11-24 08:29:26', '1984-03-04 10:04:58');
INSERT INTO `location` (`id`, `name`, `region_id`, `created_at`, `updated_at`) VALUES ('42', 'Jairohaven', '6', '1994-09-11 04:44:45', '2016-08-29 05:23:31');
INSERT INTO `location` (`id`, `name`, `region_id`, `created_at`, `updated_at`) VALUES ('43', 'West Constantin', '2', '1976-12-20 03:04:31', '2001-10-21 03:31:22');
INSERT INTO `location` (`id`, `name`, `region_id`, `created_at`, `updated_at`) VALUES ('44', 'Cliftonville', '6', '2004-07-06 20:18:40', '2013-02-10 08:36:09');
INSERT INTO `location` (`id`, `name`, `region_id`, `created_at`, `updated_at`) VALUES ('45', 'South Granville', '5', '2019-05-11 14:52:51', '2020-04-28 23:07:40');
INSERT INTO `location` (`id`, `name`, `region_id`, `created_at`, `updated_at`) VALUES ('46', 'Keltonburgh', '10', '2000-03-06 09:30:14', '1998-02-28 00:35:52');
INSERT INTO `location` (`id`, `name`, `region_id`, `created_at`, `updated_at`) VALUES ('47', 'West Buckberg', '5', '1976-09-28 16:47:21', '2001-10-06 17:33:31');
INSERT INTO `location` (`id`, `name`, `region_id`, `created_at`, `updated_at`) VALUES ('48', 'Kertzmannmouth', '3', '2018-08-30 21:53:07', '1995-12-24 06:29:54');
INSERT INTO `location` (`id`, `name`, `region_id`, `created_at`, `updated_at`) VALUES ('49', 'Boehmshire', '1', '1985-12-17 11:02:32', '1989-08-29 23:21:06');
INSERT INTO `location` (`id`, `name`, `region_id`, `created_at`, `updated_at`) VALUES ('50', 'New Luechester', '9', '2009-12-16 05:56:40', '2011-05-01 02:59:29');
INSERT INTO `location` (`id`, `name`, `region_id`, `created_at`, `updated_at`) VALUES ('51', 'Schulistfort', '4', '2013-12-06 06:57:14', '2001-11-27 16:58:45');
INSERT INTO `location` (`id`, `name`, `region_id`, `created_at`, `updated_at`) VALUES ('52', 'East Mariannamouth', '6', '1996-03-14 02:03:43', '1982-12-29 22:30:10');
INSERT INTO `location` (`id`, `name`, `region_id`, `created_at`, `updated_at`) VALUES ('53', 'West Robertobury', '10', '2017-02-17 14:24:19', '2012-11-23 18:59:23');
INSERT INTO `location` (`id`, `name`, `region_id`, `created_at`, `updated_at`) VALUES ('54', 'Rozellaville', '2', '1978-01-09 15:51:08', '2021-06-02 11:37:55');
INSERT INTO `location` (`id`, `name`, `region_id`, `created_at`, `updated_at`) VALUES ('55', 'South Berta', '1', '1971-09-18 13:58:36', '2003-07-22 16:02:30');
INSERT INTO `location` (`id`, `name`, `region_id`, `created_at`, `updated_at`) VALUES ('56', 'West Erynhaven', '6', '1999-10-01 03:07:09', '2020-03-02 08:57:46');
INSERT INTO `location` (`id`, `name`, `region_id`, `created_at`, `updated_at`) VALUES ('57', 'Lueilwitzberg', '9', '2011-09-26 22:07:31', '1993-06-04 08:07:16');
INSERT INTO `location` (`id`, `name`, `region_id`, `created_at`, `updated_at`) VALUES ('58', 'East Clinton', '1', '1981-02-21 03:58:14', '1979-08-26 00:46:19');
INSERT INTO `location` (`id`, `name`, `region_id`, `created_at`, `updated_at`) VALUES ('59', 'Lakinborough', '3', '1998-11-04 13:45:56', '1986-06-26 13:26:12');
INSERT INTO `location` (`id`, `name`, `region_id`, `created_at`, `updated_at`) VALUES ('60', 'O\'Reillyside', '9', '2020-11-27 02:42:28', '1989-05-11 23:41:09');
INSERT INTO `location` (`id`, `name`, `region_id`, `created_at`, `updated_at`) VALUES ('61', 'North Eleanorestad', '1', '1996-08-18 06:05:12', '1989-07-27 11:51:27');
INSERT INTO `location` (`id`, `name`, `region_id`, `created_at`, `updated_at`) VALUES ('62', 'Rickiemouth', '1', '1994-03-12 06:15:09', '1997-07-18 09:22:47');
INSERT INTO `location` (`id`, `name`, `region_id`, `created_at`, `updated_at`) VALUES ('63', 'Mayertland', '8', '2009-07-08 20:13:58', '1990-01-27 01:01:33');
INSERT INTO `location` (`id`, `name`, `region_id`, `created_at`, `updated_at`) VALUES ('64', 'Hammesview', '8', '1997-09-04 18:17:50', '1971-10-07 20:32:16');
INSERT INTO `location` (`id`, `name`, `region_id`, `created_at`, `updated_at`) VALUES ('65', 'Sidneymouth', '4', '1999-01-01 10:48:21', '1970-10-02 23:56:02');
INSERT INTO `location` (`id`, `name`, `region_id`, `created_at`, `updated_at`) VALUES ('66', 'Port Estherstad', '7', '1988-04-03 17:57:32', '1997-11-12 18:55:12');
INSERT INTO `location` (`id`, `name`, `region_id`, `created_at`, `updated_at`) VALUES ('67', 'Nicolatown', '3', '1995-08-26 01:52:56', '1977-11-16 19:58:09');
INSERT INTO `location` (`id`, `name`, `region_id`, `created_at`, `updated_at`) VALUES ('68', 'Kallieshire', '6', '1981-04-05 11:20:00', '2011-11-16 09:46:34');
INSERT INTO `location` (`id`, `name`, `region_id`, `created_at`, `updated_at`) VALUES ('69', 'Kingborough', '4', '2009-08-01 20:30:31', '2009-04-29 15:22:22');
INSERT INTO `location` (`id`, `name`, `region_id`, `created_at`, `updated_at`) VALUES ('70', 'New Adelia', '2', '2013-02-04 09:52:49', '1992-06-07 16:57:06');
INSERT INTO `location` (`id`, `name`, `region_id`, `created_at`, `updated_at`) VALUES ('71', 'Ettieton', '3', '1971-04-04 12:14:37', '2017-08-13 20:55:32');
INSERT INTO `location` (`id`, `name`, `region_id`, `created_at`, `updated_at`) VALUES ('72', 'West Vernice', '5', '2010-07-05 19:35:43', '2007-05-04 07:37:58');
INSERT INTO `location` (`id`, `name`, `region_id`, `created_at`, `updated_at`) VALUES ('73', 'Edgardochester', '8', '1990-09-07 08:49:15', '2003-08-10 01:05:04');
INSERT INTO `location` (`id`, `name`, `region_id`, `created_at`, `updated_at`) VALUES ('74', 'Arelybury', '5', '1974-09-27 04:15:03', '2020-07-22 08:52:05');
INSERT INTO `location` (`id`, `name`, `region_id`, `created_at`, `updated_at`) VALUES ('75', 'Joneston', '10', '2009-10-17 14:29:41', '1992-01-15 16:03:35');
INSERT INTO `location` (`id`, `name`, `region_id`, `created_at`, `updated_at`) VALUES ('76', 'Port Adela', '2', '1973-12-22 08:31:41', '2011-03-03 21:17:44');
INSERT INTO `location` (`id`, `name`, `region_id`, `created_at`, `updated_at`) VALUES ('77', 'Woodrowtown', '4', '1987-10-30 18:58:56', '2015-02-13 14:26:51');
INSERT INTO `location` (`id`, `name`, `region_id`, `created_at`, `updated_at`) VALUES ('78', 'Hesselstad', '5', '1996-12-07 14:19:39', '1973-09-24 11:29:42');
INSERT INTO `location` (`id`, `name`, `region_id`, `created_at`, `updated_at`) VALUES ('79', 'Port Deronmouth', '5', '2018-12-05 00:41:24', '1976-07-24 21:32:55');
INSERT INTO `location` (`id`, `name`, `region_id`, `created_at`, `updated_at`) VALUES ('80', 'North Josianetown', '4', '1991-06-30 23:29:59', '1997-11-14 05:17:41');
INSERT INTO `location` (`id`, `name`, `region_id`, `created_at`, `updated_at`) VALUES ('81', 'Eulahbury', '3', '2000-01-18 22:01:06', '2015-02-19 22:45:27');
INSERT INTO `location` (`id`, `name`, `region_id`, `created_at`, `updated_at`) VALUES ('82', 'Alphonsoside', '8', '1995-11-08 15:55:47', '1971-10-02 17:31:26');
INSERT INTO `location` (`id`, `name`, `region_id`, `created_at`, `updated_at`) VALUES ('83', 'Collinsbury', '10', '1991-09-24 20:55:12', '2018-07-29 05:01:50');
INSERT INTO `location` (`id`, `name`, `region_id`, `created_at`, `updated_at`) VALUES ('84', 'Lillianland', '2', '2001-03-28 06:39:51', '2018-04-22 09:13:32');
INSERT INTO `location` (`id`, `name`, `region_id`, `created_at`, `updated_at`) VALUES ('85', 'Jacobiside', '9', '2011-08-29 23:48:52', '1991-10-18 16:17:00');
INSERT INTO `location` (`id`, `name`, `region_id`, `created_at`, `updated_at`) VALUES ('86', 'Mollytown', '1', '1970-08-29 03:12:07', '1981-10-22 23:34:51');
INSERT INTO `location` (`id`, `name`, `region_id`, `created_at`, `updated_at`) VALUES ('87', 'Lake Sister', '7', '2002-01-15 12:09:00', '2021-01-27 09:30:30');
INSERT INTO `location` (`id`, `name`, `region_id`, `created_at`, `updated_at`) VALUES ('88', 'South Chris', '7', '2003-09-17 20:57:16', '2008-04-11 02:42:02');
INSERT INTO `location` (`id`, `name`, `region_id`, `created_at`, `updated_at`) VALUES ('89', 'New Emiliohaven', '1', '1992-08-16 20:41:04', '2011-03-05 04:52:46');
INSERT INTO `location` (`id`, `name`, `region_id`, `created_at`, `updated_at`) VALUES ('90', 'Rickeychester', '10', '1970-06-04 12:09:40', '1978-10-15 02:54:23');
INSERT INTO `location` (`id`, `name`, `region_id`, `created_at`, `updated_at`) VALUES ('91', 'Madilynhaven', '6', '1977-04-15 11:16:04', '2011-08-07 21:16:04');
INSERT INTO `location` (`id`, `name`, `region_id`, `created_at`, `updated_at`) VALUES ('92', 'Purdytown', '1', '2005-11-29 09:27:03', '1974-12-24 12:08:30');
INSERT INTO `location` (`id`, `name`, `region_id`, `created_at`, `updated_at`) VALUES ('93', 'West Terenceville', '1', '2014-11-12 21:01:10', '1993-10-02 08:26:56');
INSERT INTO `location` (`id`, `name`, `region_id`, `created_at`, `updated_at`) VALUES ('94', 'East Jalonberg', '4', '1994-09-06 07:09:25', '2015-01-03 00:59:48');
INSERT INTO `location` (`id`, `name`, `region_id`, `created_at`, `updated_at`) VALUES ('95', 'South Jedediahmouth', '9', '2017-09-18 10:14:20', '1988-01-06 11:06:28');
INSERT INTO `location` (`id`, `name`, `region_id`, `created_at`, `updated_at`) VALUES ('96', 'Bednarfurt', '4', '2012-02-14 15:13:07', '1972-08-26 12:28:36');
INSERT INTO `location` (`id`, `name`, `region_id`, `created_at`, `updated_at`) VALUES ('97', 'Maximeview', '1', '2013-03-12 22:59:01', '1983-05-09 04:50:33');
INSERT INTO `location` (`id`, `name`, `region_id`, `created_at`, `updated_at`) VALUES ('98', 'Buckridgeport', '2', '1997-07-19 23:18:08', '2012-04-11 03:50:27');
INSERT INTO `location` (`id`, `name`, `region_id`, `created_at`, `updated_at`) VALUES ('99', 'West Kristyville', '9', '2003-08-16 02:42:32', '2008-08-25 17:51:58');
INSERT INTO `location` (`id`, `name`, `region_id`, `created_at`, `updated_at`) VALUES ('100', 'Jasenfort', '5', '1982-02-17 01:58:05', '1996-11-07 19:21:26');

INSERT INTO `company` (`id`, `name`, `location_id`, `email`, `phone`, `inn`, `kpp`, `address_office`, `address_legal`, `director`, `bank_account_number`, `bank_account_number_cor`, `bank_name`, `created_at`, `updated_at`) VALUES ('1', 'quas', '65', 'helene90@example.com', '007-456-5691', '998802966577', '829019', '15246 Keanu Drives Apt. 481', '096 Amy Shoals Suite 113', 'Diana Lueilwitz', '19303482738', '9187783230577', 'et', '2012-10-15 15:30:37', '1988-07-26 01:29:07');
INSERT INTO `company` (`id`, `name`, `location_id`, `email`, `phone`, `inn`, `kpp`, `address_office`, `address_legal`, `director`, `bank_account_number`, `bank_account_number_cor`, `bank_name`, `created_at`, `updated_at`) VALUES ('2', 'corporis', '33', 'jannie26@example.com', '09250107875', '246469097165', '947173', '87636 Leola Plaza Suite 766', '7574 Cali Garden', 'Felipa Wolf V', '43745669908', '1638195712387', 'unde', '2003-12-31 12:10:49', '1971-03-31 14:03:13');
INSERT INTO `company` (`id`, `name`, `location_id`, `email`, `phone`, `inn`, `kpp`, `address_office`, `address_legal`, `director`, `bank_account_number`, `bank_account_number_cor`, `bank_name`, `created_at`, `updated_at`) VALUES ('3', 'nihil', '12', 'cristian.hackett@example.org', '199.348.0736', '596269183838', '589997', '93757 Winston Stravenue', '39364 Russel Fort Apt. 965', 'Arch Schiller', '91191079136', '1023563088608', 'nisi', '1971-09-08 22:12:18', '2011-06-23 08:18:46');
INSERT INTO `company` (`id`, `name`, `location_id`, `email`, `phone`, `inn`, `kpp`, `address_office`, `address_legal`, `director`, `bank_account_number`, `bank_account_number_cor`, `bank_name`, `created_at`, `updated_at`) VALUES ('4', 'est', '32', 'freddy17@example.net', '+49(7)4828133884', '837666338076', '190766', '05648 Hand Run', '449 Haag Burg', 'Hailie King', '89289523870', '7379249840515', 'aut', '2020-02-01 13:44:21', '1981-02-11 08:06:53');
INSERT INTO `company` (`id`, `name`, `location_id`, `email`, `phone`, `inn`, `kpp`, `address_office`, `address_legal`, `director`, `bank_account_number`, `bank_account_number_cor`, `bank_name`, `created_at`, `updated_at`) VALUES ('5', 'deserunt', '80', 'ayana63@example.com', '(731)210-0256x76432', '481908783130', '735533', '33735 Hills Points', '70058 Mckenna Knoll', 'Emmitt Bode', '57678356776', '3578566459393', 'qui', '2018-09-10 19:45:23', '2012-11-30 04:21:02');
INSERT INTO `company` (`id`, `name`, `location_id`, `email`, `phone`, `inn`, `kpp`, `address_office`, `address_legal`, `director`, `bank_account_number`, `bank_account_number_cor`, `bank_name`, `created_at`, `updated_at`) VALUES ('6', 'iusto', '23', 'qkling@example.net', '1-953-926-0540x030', '622670541005', '556907', '28355 Lubowitz Well', '7529 Jade Isle Apt. 778', 'Geraldine Rippin', '46323942276', '1213819401566', 'minima', '1971-02-27 01:58:22', '2005-12-02 10:48:09');
INSERT INTO `company` (`id`, `name`, `location_id`, `email`, `phone`, `inn`, `kpp`, `address_office`, `address_legal`, `director`, `bank_account_number`, `bank_account_number_cor`, `bank_name`, `created_at`, `updated_at`) VALUES ('7', 'veniam', '54', 'ross.hayes@example.net', '1-162-981-6829x4550', '721711428230', '711911', '19133 Meredith Spurs', '77549 Luisa Brook Apt. 281', 'Nikita Crooks', '54107446460', '7581017938803', 'sit', '2009-04-27 09:04:46', '2015-01-19 21:47:44');
INSERT INTO `company` (`id`, `name`, `location_id`, `email`, `phone`, `inn`, `kpp`, `address_office`, `address_legal`, `director`, `bank_account_number`, `bank_account_number_cor`, `bank_name`, `created_at`, `updated_at`) VALUES ('8', 'ut', '48', 'rempel.barney@example.com', '00494093657', '906553743127', '466942', '337 Bauch Villages Suite 575', '8009 Weimann Centers Apt. 588', 'Arthur Schneider II', '75061917519', '5436462029261', 'laudantium', '2012-03-11 04:46:49', '2006-11-03 14:17:53');
INSERT INTO `company` (`id`, `name`, `location_id`, `email`, `phone`, `inn`, `kpp`, `address_office`, `address_legal`, `director`, `bank_account_number`, `bank_account_number_cor`, `bank_name`, `created_at`, `updated_at`) VALUES ('9', 'reprehenderit', '18', 'rsawayn@example.com', '1-663-107-4549x885', '496366092562', '339789', '748 Nader Alley Suite 837', '72409 Alexa Harbors', 'Dr. Helena Stroman DVM', '85875314199', '6998222398112', 'ullam', '1987-11-11 21:23:24', '1992-09-21 06:34:24');
INSERT INTO `company` (`id`, `name`, `location_id`, `email`, `phone`, `inn`, `kpp`, `address_office`, `address_legal`, `director`, `bank_account_number`, `bank_account_number_cor`, `bank_name`, `created_at`, `updated_at`) VALUES ('10', 'facere', '85', 'rerdman@example.org', '1-032-240-3426x86967', '709832007065', '534952', '328 Justus Valleys Apt. 475', '56715 Okuneva Harbor Suite 828', 'Bonita Wilkinson', '48389258515', '3838499734815', 'quas', '1989-12-06 03:05:29', '2013-07-14 06:29:56');
INSERT INTO `company` (`id`, `name`, `location_id`, `email`, `phone`, `inn`, `kpp`, `address_office`, `address_legal`, `director`, `bank_account_number`, `bank_account_number_cor`, `bank_name`, `created_at`, `updated_at`) VALUES ('11', 'est', '52', 'laura20@example.org', '596.600.7796', '927331896871', '616824', '9737 Agnes Track', '201 Larkin Ramp Apt. 597', 'Rubye Torphy', '16056548445', '2077952983016', 'earum', '1978-11-30 20:32:32', '1992-05-02 17:26:20');
INSERT INTO `company` (`id`, `name`, `location_id`, `email`, `phone`, `inn`, `kpp`, `address_office`, `address_legal`, `director`, `bank_account_number`, `bank_account_number_cor`, `bank_name`, `created_at`, `updated_at`) VALUES ('12', 'veniam', '92', 'koss.delphia@example.com', '1-965-270-4691x65962', '919404512876', '112245', '7819 Christop Fork', '122 Tillman Tunnel Suite 971', 'Candice Kautzer', '94491672152', '2111835476769', 'ut', '2005-08-18 06:54:18', '2020-03-23 08:02:50');
INSERT INTO `company` (`id`, `name`, `location_id`, `email`, `phone`, `inn`, `kpp`, `address_office`, `address_legal`, `director`, `bank_account_number`, `bank_account_number_cor`, `bank_name`, `created_at`, `updated_at`) VALUES ('13', 'laborum', '90', 'lfeil@example.com', '1-719-548-5619', '376711149141', '731018', '178 Asha Brook', '616 Ava Mills', 'Lillian Turner', '49310963852', '1799569931899', 'veritatis', '1984-09-18 11:08:38', '1998-04-26 22:57:05');
INSERT INTO `company` (`id`, `name`, `location_id`, `email`, `phone`, `inn`, `kpp`, `address_office`, `address_legal`, `director`, `bank_account_number`, `bank_account_number_cor`, `bank_name`, `created_at`, `updated_at`) VALUES ('14', 'neque', '10', 'mccullough.jordyn@example.net', '07185255563', '513709968095', '678545', '703 Dax Pine Suite 631', '749 Flo Manor Apt. 566', 'Mr. Diamond Champlin', '32036927090', '1071161804014', 'optio', '1974-03-13 17:11:02', '1981-11-14 01:52:50');
INSERT INTO `company` (`id`, `name`, `location_id`, `email`, `phone`, `inn`, `kpp`, `address_office`, `address_legal`, `director`, `bank_account_number`, `bank_account_number_cor`, `bank_name`, `created_at`, `updated_at`) VALUES ('15', 'eum', '55', 'verlie.ruecker@example.net', '1-507-027-8919x4482', '928440804639', '182781', '687 Lionel Views', '605 Hane Corner Suite 215', 'Kayley Cummerata', '59368021762', '7845882727863', 'assumenda', '1999-05-06 15:07:20', '1972-10-02 22:19:35');
INSERT INTO `company` (`id`, `name`, `location_id`, `email`, `phone`, `inn`, `kpp`, `address_office`, `address_legal`, `director`, `bank_account_number`, `bank_account_number_cor`, `bank_name`, `created_at`, `updated_at`) VALUES ('16', 'cumque', '23', 'fay.everett@example.org', '494.242.0179x800', '205506229260', '268880', '5295 Allene Parks', '43624 Feest Course', 'Wava Monahan', '32349430257', '2480870599336', 'omnis', '2012-07-25 21:34:42', '2020-11-12 02:51:01');
INSERT INTO `company` (`id`, `name`, `location_id`, `email`, `phone`, `inn`, `kpp`, `address_office`, `address_legal`, `director`, `bank_account_number`, `bank_account_number_cor`, `bank_name`, `created_at`, `updated_at`) VALUES ('17', 'est', '20', 'dubuque.kacey@example.org', '252-530-9112', '323148783342', '437391', '32513 Krajcik Inlet Suite 369', '29164 Hahn Plains', 'Prof. Beulah Klocko', '63251802455', '7438087162457', 'sunt', '1986-01-30 08:02:18', '1993-07-23 03:11:46');
INSERT INTO `company` (`id`, `name`, `location_id`, `email`, `phone`, `inn`, `kpp`, `address_office`, `address_legal`, `director`, `bank_account_number`, `bank_account_number_cor`, `bank_name`, `created_at`, `updated_at`) VALUES ('18', 'autem', '47', 'breanne99@example.org', '07214554823', '497005871077', '983768', '533 Edgardo Common', '304 Marjorie Stream', 'Florida Green', '75284813949', '4484506777395', 'inventore', '1996-03-18 09:51:53', '2002-04-14 14:08:31');
INSERT INTO `company` (`id`, `name`, `location_id`, `email`, `phone`, `inn`, `kpp`, `address_office`, `address_legal`, `director`, `bank_account_number`, `bank_account_number_cor`, `bank_name`, `created_at`, `updated_at`) VALUES ('19', 'maxime', '60', 'cecil.kirlin@example.org', '124-188-0039', '706643008906', '753368', '8273 Kovacek Knolls Apt. 321', '0350 Koelpin Trail', 'Sarai Williamson', '12281205817', '4137155491438', 'et', '1979-09-04 11:38:11', '2015-01-27 22:13:40');
INSERT INTO `company` (`id`, `name`, `location_id`, `email`, `phone`, `inn`, `kpp`, `address_office`, `address_legal`, `director`, `bank_account_number`, `bank_account_number_cor`, `bank_name`, `created_at`, `updated_at`) VALUES ('20', 'aspernatur', '68', 'keira01@example.org', '1-169-748-2916', '133991376683', '609810', '960 Estelle Dam Suite 716', '92059 Thompson View Apt. 563', 'Oma Fay', '83373339362', '1276528546666', 'fuga', '1987-12-11 08:07:17', '2014-06-09 17:23:56');
INSERT INTO `company` (`id`, `name`, `location_id`, `email`, `phone`, `inn`, `kpp`, `address_office`, `address_legal`, `director`, `bank_account_number`, `bank_account_number_cor`, `bank_name`, `created_at`, `updated_at`) VALUES ('21', 'aut', '39', 'deron46@example.com', '186.069.2810x7452', '248697709850', '295408', '3782 Rodger Islands Apt. 792', '38022 Hane Village Suite 021', 'Miss Vesta Davis DDS', '33890961827', '5989001464661', 'sequi', '2008-11-01 09:19:01', '1999-03-21 00:21:13');
INSERT INTO `company` (`id`, `name`, `location_id`, `email`, `phone`, `inn`, `kpp`, `address_office`, `address_legal`, `director`, `bank_account_number`, `bank_account_number_cor`, `bank_name`, `created_at`, `updated_at`) VALUES ('22', 'maiores', '20', 'angie82@example.com', '560.993.8632x5690', '849884840752', '617153', '3643 Harber Square Apt. 367', '899 Ortiz Valleys', 'Adell Wuckert', '79494105055', '6378466139095', 'suscipit', '2013-08-01 12:26:17', '2014-11-18 23:57:39');
INSERT INTO `company` (`id`, `name`, `location_id`, `email`, `phone`, `inn`, `kpp`, `address_office`, `address_legal`, `director`, `bank_account_number`, `bank_account_number_cor`, `bank_name`, `created_at`, `updated_at`) VALUES ('23', 'sit', '18', 'rodriguez.cary@example.org', '(425)843-6843x52278', '606452700402', '630105', '339 West Mountains Apt. 372', '34331 Zboncak Crest Apt. 957', 'Shanie Ledner', '38716513798', '7498859471874', 'ut', '2016-02-08 16:58:06', '1998-01-16 02:13:39');
INSERT INTO `company` (`id`, `name`, `location_id`, `email`, `phone`, `inn`, `kpp`, `address_office`, `address_legal`, `director`, `bank_account_number`, `bank_account_number_cor`, `bank_name`, `created_at`, `updated_at`) VALUES ('24', 'et', '56', 'ellis.rau@example.org', '1-900-367-4325x80757', '818857511645', '500356', '2982 Zackery Ramp', '638 Rempel Curve', 'Helga Schneider', '39083147547', '2895304288331', 'ducimus', '2000-10-12 13:57:24', '1983-09-24 03:04:40');
INSERT INTO `company` (`id`, `name`, `location_id`, `email`, `phone`, `inn`, `kpp`, `address_office`, `address_legal`, `director`, `bank_account_number`, `bank_account_number_cor`, `bank_name`, `created_at`, `updated_at`) VALUES ('25', 'aspernatur', '97', 'maurice.rogahn@example.net', '614-490-6351x144', '650081142177', '567035', '7613 Emily Isle', '099 Mallie Run', 'Dr. Estefania Crist DDS', '29900702591', '1526513253302', 'suscipit', '2005-09-24 08:48:21', '2005-06-15 03:37:08');
INSERT INTO `company` (`id`, `name`, `location_id`, `email`, `phone`, `inn`, `kpp`, `address_office`, `address_legal`, `director`, `bank_account_number`, `bank_account_number_cor`, `bank_name`, `created_at`, `updated_at`) VALUES ('26', 'quis', '100', 'antonetta27@example.net', '(267)564-2746', '139973569894', '343483', '997 Constance Mountains Suite 708', '90843 Stroman Canyon Suite 225', 'Isaiah McKenzie PhD', '21903589754', '9372623920511', 'veritatis', '1972-03-08 20:28:15', '2007-10-23 23:48:34');
INSERT INTO `company` (`id`, `name`, `location_id`, `email`, `phone`, `inn`, `kpp`, `address_office`, `address_legal`, `director`, `bank_account_number`, `bank_account_number_cor`, `bank_name`, `created_at`, `updated_at`) VALUES ('27', 'eveniet', '84', 'mara86@example.net', '(885)663-5698x8150', '439728815108', '453977', '96676 Prosacco Shoals', '599 Bode Manors', 'Margret Jenkins', '58081494718', '7863239771616', 'rerum', '1994-08-05 01:55:08', '1998-11-18 05:06:03');
INSERT INTO `company` (`id`, `name`, `location_id`, `email`, `phone`, `inn`, `kpp`, `address_office`, `address_legal`, `director`, `bank_account_number`, `bank_account_number_cor`, `bank_name`, `created_at`, `updated_at`) VALUES ('28', 'neque', '57', 'carli78@example.net', '487-374-1680x89238', '133838741388', '698524', '3236 Heidenreich Throughway', '284 Curtis Parks', 'Dr. Afton Dooley Jr.', '97367096021', '7766041773320', 'neque', '2003-02-19 06:47:21', '1977-01-11 21:01:45');
INSERT INTO `company` (`id`, `name`, `location_id`, `email`, `phone`, `inn`, `kpp`, `address_office`, `address_legal`, `director`, `bank_account_number`, `bank_account_number_cor`, `bank_name`, `created_at`, `updated_at`) VALUES ('29', 'enim', '80', 'alisha27@example.net', '077-304-1020x84604', '616805139975', '228207', '6903 Madie Plaza', '41657 Lemke Prairie Apt. 207', 'Liza Tremblay', '63547196565', '7478414388341', 'quisquam', '1989-08-22 18:00:13', '1974-03-13 02:25:25');
INSERT INTO `company` (`id`, `name`, `location_id`, `email`, `phone`, `inn`, `kpp`, `address_office`, `address_legal`, `director`, `bank_account_number`, `bank_account_number_cor`, `bank_name`, `created_at`, `updated_at`) VALUES ('30', 'impedit', '23', 'hleannon@example.com', '(363)451-1841', '355531530734', '657755', '641 Block Plaza', '92250 Malvina Village Suite 832', 'Ansel Little', '23473690119', '8749633529332', 'consequuntur', '2006-02-10 08:23:41', '2000-05-17 14:31:22');
INSERT INTO `company` (`id`, `name`, `location_id`, `email`, `phone`, `inn`, `kpp`, `address_office`, `address_legal`, `director`, `bank_account_number`, `bank_account_number_cor`, `bank_name`, `created_at`, `updated_at`) VALUES ('31', 'iure', '77', 'elfrieda.boehm@example.com', '361-400-5365x68146', '265145663032', '455233', '850 Vilma Trail', '34082 Myrtice Fields', 'Miss Carlie Crist', '20259634847', '4862193754814', 'fugiat', '2010-04-27 23:55:32', '2011-10-06 18:18:03');
INSERT INTO `company` (`id`, `name`, `location_id`, `email`, `phone`, `inn`, `kpp`, `address_office`, `address_legal`, `director`, `bank_account_number`, `bank_account_number_cor`, `bank_name`, `created_at`, `updated_at`) VALUES ('32', 'illo', '45', 'rebeca.monahan@example.com', '(680)613-2397', '385266862390', '811191', '57111 Kirstin Locks Suite 648', '5695 McGlynn Parks Suite 743', 'Adaline Schmeler', '91775225955', '6470149306163', 'veritatis', '2008-03-04 05:37:53', '2006-02-05 07:58:13');
INSERT INTO `company` (`id`, `name`, `location_id`, `email`, `phone`, `inn`, `kpp`, `address_office`, `address_legal`, `director`, `bank_account_number`, `bank_account_number_cor`, `bank_name`, `created_at`, `updated_at`) VALUES ('33', 'quidem', '56', 'nmarquardt@example.com', '962.739.9449x91375', '710164770716', '906156', '214 Heaney Mission Apt. 086', '98707 Hudson Run Apt. 998', 'Brant Stiedemann', '50310508403', '7908220571421', 'maxime', '1988-04-22 10:50:08', '2004-02-21 19:39:48');
INSERT INTO `company` (`id`, `name`, `location_id`, `email`, `phone`, `inn`, `kpp`, `address_office`, `address_legal`, `director`, `bank_account_number`, `bank_account_number_cor`, `bank_name`, `created_at`, `updated_at`) VALUES ('34', 'voluptatem', '88', 'felipe.ankunding@example.com', '+45(6)4350371837', '587312753172', '953496', '89153 Parisian Square', '9790 Amaya Isle', 'Keeley Bauch', '48976665600', '4698784887000', 'voluptatem', '1994-03-03 01:20:37', '2001-04-20 05:35:38');
INSERT INTO `company` (`id`, `name`, `location_id`, `email`, `phone`, `inn`, `kpp`, `address_office`, `address_legal`, `director`, `bank_account_number`, `bank_account_number_cor`, `bank_name`, `created_at`, `updated_at`) VALUES ('35', 'cum', '76', 'sandy54@example.com', '370.580.9351x04580', '818545644916', '497046', '1683 Shields Bypass', '2525 Klocko Squares', 'Ashley Morissette', '69235817012', '9843712606587', 'cupiditate', '2008-06-23 23:54:23', '1974-04-03 09:19:23');
INSERT INTO `company` (`id`, `name`, `location_id`, `email`, `phone`, `inn`, `kpp`, `address_office`, `address_legal`, `director`, `bank_account_number`, `bank_account_number_cor`, `bank_name`, `created_at`, `updated_at`) VALUES ('36', 'incidunt', '35', 'ledner.rachael@example.org', '+27(0)8120825162', '104346487438', '626219', '87356 Torrey Viaduct Suite 404', '41561 McCullough Parkways Apt. 955', 'Roman D\'Amore', '89993996764', '3256126067880', 'quam', '1993-01-22 06:11:41', '1977-12-05 17:25:22');
INSERT INTO `company` (`id`, `name`, `location_id`, `email`, `phone`, `inn`, `kpp`, `address_office`, `address_legal`, `director`, `bank_account_number`, `bank_account_number_cor`, `bank_name`, `created_at`, `updated_at`) VALUES ('37', 'praesentium', '11', 'mdaniel@example.org', '778.658.8309x561', '713783159106', '312164', '7361 Noe Green', '317 Erdman Tunnel', 'Dewayne Jast', '48135664914', '5691775698424', 'exercitationem', '1996-01-07 05:48:33', '2008-08-01 11:40:42');
INSERT INTO `company` (`id`, `name`, `location_id`, `email`, `phone`, `inn`, `kpp`, `address_office`, `address_legal`, `director`, `bank_account_number`, `bank_account_number_cor`, `bank_name`, `created_at`, `updated_at`) VALUES ('38', 'velit', '29', 'mortimer.ernser@example.com', '(980)796-4209', '603100719908', '616493', '4287 Sonia Flat', '554 Conroy Garden Apt. 601', 'Erika Kilback', '18572849337', '8219955336469', 'fugit', '2003-10-26 14:04:10', '1997-10-06 13:31:45');
INSERT INTO `company` (`id`, `name`, `location_id`, `email`, `phone`, `inn`, `kpp`, `address_office`, `address_legal`, `director`, `bank_account_number`, `bank_account_number_cor`, `bank_name`, `created_at`, `updated_at`) VALUES ('39', 'exercitationem', '82', 'moen.merritt@example.com', '752.382.0085', '867363189253', '433206', '84643 Weimann Cove', '049 Howell Inlet Suite 969', 'Brycen Mante', '47737280726', '9089283937635', 'distinctio', '1981-12-25 17:39:13', '2006-02-08 19:06:45');
INSERT INTO `company` (`id`, `name`, `location_id`, `email`, `phone`, `inn`, `kpp`, `address_office`, `address_legal`, `director`, `bank_account_number`, `bank_account_number_cor`, `bank_name`, `created_at`, `updated_at`) VALUES ('40', 'perferendis', '29', 'ron.crist@example.org', '592.510.6181', '391627156548', '717983', '000 Dangelo Vista', '8957 Kris Coves', 'Amelie Leannon', '56529580107', '6470329600898', 'et', '2000-02-22 08:51:51', '1997-05-27 01:36:20');
INSERT INTO `company` (`id`, `name`, `location_id`, `email`, `phone`, `inn`, `kpp`, `address_office`, `address_legal`, `director`, `bank_account_number`, `bank_account_number_cor`, `bank_name`, `created_at`, `updated_at`) VALUES ('41', 'accusantium', '14', 'emory62@example.com', '917.645.7837x2114', '394398924522', '780950', '875 Orion Junctions', '798 Beatty Grove Suite 741', 'Kraig Moen Sr.', '52280635307', '5412750249872', 'quo', '1986-06-07 02:05:11', '1989-03-29 16:36:10');
INSERT INTO `company` (`id`, `name`, `location_id`, `email`, `phone`, `inn`, `kpp`, `address_office`, `address_legal`, `director`, `bank_account_number`, `bank_account_number_cor`, `bank_name`, `created_at`, `updated_at`) VALUES ('42', 'praesentium', '34', 'dale65@example.org', '527-871-4026x7006', '195090835308', '458842', '8752 Icie Highway Suite 945', '820 Austen Bridge', 'Maribel Conroy', '71773702730', '3267603847830', 'minima', '2000-02-03 14:00:53', '2007-06-22 02:57:36');
INSERT INTO `company` (`id`, `name`, `location_id`, `email`, `phone`, `inn`, `kpp`, `address_office`, `address_legal`, `director`, `bank_account_number`, `bank_account_number_cor`, `bank_name`, `created_at`, `updated_at`) VALUES ('43', 'atque', '20', 'braden78@example.org', '1-807-089-3670', '701069522742', '489832', '2294 Wyman Junctions Apt. 073', '73201 Sidney Village', 'Nick Dach IV', '94316282127', '3927449965617', 'laudantium', '2005-05-09 13:15:29', '1981-03-29 10:25:32');
INSERT INTO `company` (`id`, `name`, `location_id`, `email`, `phone`, `inn`, `kpp`, `address_office`, `address_legal`, `director`, `bank_account_number`, `bank_account_number_cor`, `bank_name`, `created_at`, `updated_at`) VALUES ('44', 'magnam', '3', 'jerod.bruen@example.org', '(973)014-1994x9948', '348786416277', '248697', '217 Erdman Springs Apt. 770', '380 Daugherty Pines Apt. 006', 'Prof. Bernard Kozey IV', '60371266128', '9324756380709', 'mollitia', '1993-01-07 10:34:48', '2019-04-21 20:27:52');
INSERT INTO `company` (`id`, `name`, `location_id`, `email`, `phone`, `inn`, `kpp`, `address_office`, `address_legal`, `director`, `bank_account_number`, `bank_account_number_cor`, `bank_name`, `created_at`, `updated_at`) VALUES ('45', 'aut', '43', 'kaleigh42@example.com', '1-134-575-3646', '835542060388', '209626', '18094 Deckow Shore Apt. 679', '85550 Mina Rapids Suite 325', 'Prof. Rico Monahan PhD', '15977283092', '2354716922868', 'blanditiis', '1978-11-29 09:41:04', '1994-04-28 14:38:14');
INSERT INTO `company` (`id`, `name`, `location_id`, `email`, `phone`, `inn`, `kpp`, `address_office`, `address_legal`, `director`, `bank_account_number`, `bank_account_number_cor`, `bank_name`, `created_at`, `updated_at`) VALUES ('46', 'voluptatibus', '75', 'carole.lebsack@example.com', '(411)468-5484', '949084634194', '480312', '07562 Considine Knolls', '16454 Fritsch Prairie Apt. 709', 'Ally Gaylord', '25371794011', '8808572565669', 'quia', '1985-03-13 04:31:08', '1977-02-23 08:15:51');
INSERT INTO `company` (`id`, `name`, `location_id`, `email`, `phone`, `inn`, `kpp`, `address_office`, `address_legal`, `director`, `bank_account_number`, `bank_account_number_cor`, `bank_name`, `created_at`, `updated_at`) VALUES ('47', 'doloremque', '26', 'jodie.herzog@example.org', '1-023-705-6136x2337', '894691579462', '222417', '903 Schinner Hollow Apt. 339', '39160 Gianni Run Apt. 720', 'Maia Nader', '72860577031', '8109731303375', 'nobis', '2005-03-08 06:39:24', '2002-07-09 10:31:50');
INSERT INTO `company` (`id`, `name`, `location_id`, `email`, `phone`, `inn`, `kpp`, `address_office`, `address_legal`, `director`, `bank_account_number`, `bank_account_number_cor`, `bank_name`, `created_at`, `updated_at`) VALUES ('48', 'aut', '62', 'sauer.keven@example.com', '+30(9)4095998916', '855401864740', '664113', '079 Medhurst Common Suite 547', '03298 Agustin Place Apt. 501', 'Lillie Schuppe', '61504232389', '9905025234432', 'aspernatur', '2010-02-02 10:25:45', '1990-12-20 11:22:07');
INSERT INTO `company` (`id`, `name`, `location_id`, `email`, `phone`, `inn`, `kpp`, `address_office`, `address_legal`, `director`, `bank_account_number`, `bank_account_number_cor`, `bank_name`, `created_at`, `updated_at`) VALUES ('49', 'et', '22', 'lonie.nolan@example.net', '1-879-986-8478x545', '325190996332', '485845', '09548 Sarah Union Apt. 867', '3531 Champlin Garden Apt. 485', 'Rubye Toy DDS', '57139789364', '2866403880428', 'repellendus', '1975-09-19 16:55:33', '2000-09-12 18:12:26');
INSERT INTO `company` (`id`, `name`, `location_id`, `email`, `phone`, `inn`, `kpp`, `address_office`, `address_legal`, `director`, `bank_account_number`, `bank_account_number_cor`, `bank_name`, `created_at`, `updated_at`) VALUES ('50', 'totam', '85', 'stephan.volkman@example.net', '689-272-6357', '852722478751', '637016', '654 Johns Field Apt. 316', '00283 Koepp Ports Apt. 951', 'Janelle Oberbrunner', '44861816791', '5053090034454', 'illo', '1993-02-06 04:32:33', '1974-10-18 14:15:43');

INSERT INTO `documents_type` (`id`, `name`, `created_at`, `updated_at`) VALUES ('1', 'акт выполненных работ', '1995-04-21 00:18:20', '2003-07-30 07:09:00');
INSERT INTO `documents_type` (`id`, `name`, `created_at`, `updated_at`) VALUES ('2', 'договор', '1989-08-17 18:14:14', '2007-10-02 05:28:06');
INSERT INTO `documents_type` (`id`, `name`, `created_at`, `updated_at`) VALUES ('3', 'договор', '2020-12-23 02:18:48', '1980-04-06 19:28:41');

INSERT INTO `documents` (`id`, `name`, `document_type`, `company_id`, `file_path`, `created_at`, `updated_at`) VALUES ('1', 'libero', '3', '38', 'voluptate', '1988-05-28 06:50:01', '2015-12-25 03:33:51');
INSERT INTO `documents` (`id`, `name`, `document_type`, `company_id`, `file_path`, `created_at`, `updated_at`) VALUES ('2', 'asperiores', '2', '5', 'laborum', '1994-04-07 14:56:33', '2008-03-02 04:02:12');
INSERT INTO `documents` (`id`, `name`, `document_type`, `company_id`, `file_path`, `created_at`, `updated_at`) VALUES ('3', 'voluptatem', '1', '24', 'occaecati', '1978-03-25 22:06:39', '1982-12-07 11:09:17');
INSERT INTO `documents` (`id`, `name`, `document_type`, `company_id`, `file_path`, `created_at`, `updated_at`) VALUES ('4', 'natus', '3', '21', 'maxime', '2005-12-23 11:52:15', '2002-05-21 05:37:23');
INSERT INTO `documents` (`id`, `name`, `document_type`, `company_id`, `file_path`, `created_at`, `updated_at`) VALUES ('5', 'labore', '2', '9', 'excepturi', '2010-01-28 19:33:03', '1978-03-15 14:14:32');
INSERT INTO `documents` (`id`, `name`, `document_type`, `company_id`, `file_path`, `created_at`, `updated_at`) VALUES ('6', 'suscipit', '1', '34', 'porro', '1985-12-21 13:53:21', '1987-01-23 01:00:55');
INSERT INTO `documents` (`id`, `name`, `document_type`, `company_id`, `file_path`, `created_at`, `updated_at`) VALUES ('7', 'iste', '3', '10', 'repellendus', '2014-11-22 15:26:16', '1983-11-21 16:56:21');
INSERT INTO `documents` (`id`, `name`, `document_type`, `company_id`, `file_path`, `created_at`, `updated_at`) VALUES ('8', 'accusamus', '3', '10', 'animi', '2003-07-11 20:09:08', '1998-04-26 04:11:06');
INSERT INTO `documents` (`id`, `name`, `document_type`, `company_id`, `file_path`, `created_at`, `updated_at`) VALUES ('9', 'perferendis', '3', '13', 'tenetur', '2011-10-29 00:00:10', '2003-11-19 17:19:08');
INSERT INTO `documents` (`id`, `name`, `document_type`, `company_id`, `file_path`, `created_at`, `updated_at`) VALUES ('10', 'velit', '1', '46', 'maxime', '1985-07-10 20:42:04', '1987-04-29 16:39:51');
INSERT INTO `documents` (`id`, `name`, `document_type`, `company_id`, `file_path`, `created_at`, `updated_at`) VALUES ('11', 'aut', '3', '27', 'sed', '1996-07-29 05:11:14', '1997-09-19 01:24:53');
INSERT INTO `documents` (`id`, `name`, `document_type`, `company_id`, `file_path`, `created_at`, `updated_at`) VALUES ('12', 'nemo', '2', '13', 'consequatur', '1992-10-24 10:37:03', '1998-09-05 08:12:40');
INSERT INTO `documents` (`id`, `name`, `document_type`, `company_id`, `file_path`, `created_at`, `updated_at`) VALUES ('13', 'autem', '2', '12', 'totam', '2002-12-10 16:06:21', '2000-03-25 09:18:22');
INSERT INTO `documents` (`id`, `name`, `document_type`, `company_id`, `file_path`, `created_at`, `updated_at`) VALUES ('14', 'consequatur', '2', '39', 'quidem', '2009-10-02 10:19:12', '1998-12-01 13:58:39');
INSERT INTO `documents` (`id`, `name`, `document_type`, `company_id`, `file_path`, `created_at`, `updated_at`) VALUES ('15', 'in', '3', '27', 'exercitationem', '1980-02-07 08:58:30', '1978-09-19 10:18:58');
INSERT INTO `documents` (`id`, `name`, `document_type`, `company_id`, `file_path`, `created_at`, `updated_at`) VALUES ('16', 'amet', '3', '32', 'omnis', '1990-01-04 18:07:31', '2013-07-11 05:09:50');
INSERT INTO `documents` (`id`, `name`, `document_type`, `company_id`, `file_path`, `created_at`, `updated_at`) VALUES ('17', 'tempora', '1', '17', 'neque', '1974-05-19 09:07:26', '1982-02-18 22:55:13');
INSERT INTO `documents` (`id`, `name`, `document_type`, `company_id`, `file_path`, `created_at`, `updated_at`) VALUES ('18', 'quasi', '3', '20', 'accusamus', '1995-02-04 11:41:22', '1991-01-01 09:37:24');
INSERT INTO `documents` (`id`, `name`, `document_type`, `company_id`, `file_path`, `created_at`, `updated_at`) VALUES ('19', 'voluptatem', '3', '24', 'nam', '2018-12-06 06:07:21', '2004-12-23 16:12:46');
INSERT INTO `documents` (`id`, `name`, `document_type`, `company_id`, `file_path`, `created_at`, `updated_at`) VALUES ('20', 'corporis', '3', '15', 'fuga', '2000-05-13 23:21:04', '1997-06-21 10:46:24');
INSERT INTO `documents` (`id`, `name`, `document_type`, `company_id`, `file_path`, `created_at`, `updated_at`) VALUES ('21', 'quia', '2', '2', 'consequatur', '2018-11-10 06:22:37', '2013-08-13 03:41:51');
INSERT INTO `documents` (`id`, `name`, `document_type`, `company_id`, `file_path`, `created_at`, `updated_at`) VALUES ('22', 'quos', '3', '16', 'cumque', '1994-01-18 20:24:18', '1977-03-12 00:01:38');
INSERT INTO `documents` (`id`, `name`, `document_type`, `company_id`, `file_path`, `created_at`, `updated_at`) VALUES ('23', 'voluptatem', '1', '33', 'velit', '1999-11-04 12:41:53', '2015-04-09 17:25:28');
INSERT INTO `documents` (`id`, `name`, `document_type`, `company_id`, `file_path`, `created_at`, `updated_at`) VALUES ('24', 'voluptatum', '2', '9', 'sit', '1971-09-21 17:14:47', '1998-01-29 15:15:07');
INSERT INTO `documents` (`id`, `name`, `document_type`, `company_id`, `file_path`, `created_at`, `updated_at`) VALUES ('25', 'illum', '3', '27', 'porro', '1983-09-29 23:32:13', '2011-05-05 11:38:55');
INSERT INTO `documents` (`id`, `name`, `document_type`, `company_id`, `file_path`, `created_at`, `updated_at`) VALUES ('26', 'distinctio', '1', '34', 'similique', '1981-05-01 06:02:50', '1983-07-11 21:51:49');
INSERT INTO `documents` (`id`, `name`, `document_type`, `company_id`, `file_path`, `created_at`, `updated_at`) VALUES ('27', 'id', '1', '24', 'et', '1994-11-24 16:13:17', '1993-12-23 08:22:31');
INSERT INTO `documents` (`id`, `name`, `document_type`, `company_id`, `file_path`, `created_at`, `updated_at`) VALUES ('28', 'minus', '3', '29', 'amet', '2017-12-18 18:16:41', '2001-01-17 03:34:42');
INSERT INTO `documents` (`id`, `name`, `document_type`, `company_id`, `file_path`, `created_at`, `updated_at`) VALUES ('29', 'soluta', '3', '24', 'illum', '1983-08-10 12:13:26', '1970-07-08 18:11:00');
INSERT INTO `documents` (`id`, `name`, `document_type`, `company_id`, `file_path`, `created_at`, `updated_at`) VALUES ('30', 'sit', '2', '31', 'impedit', '1981-12-04 07:29:23', '2015-04-13 05:08:51');
INSERT INTO `documents` (`id`, `name`, `document_type`, `company_id`, `file_path`, `created_at`, `updated_at`) VALUES ('31', 'omnis', '1', '3', 'porro', '1970-06-15 19:10:32', '1997-10-17 13:15:22');
INSERT INTO `documents` (`id`, `name`, `document_type`, `company_id`, `file_path`, `created_at`, `updated_at`) VALUES ('32', 'nisi', '1', '14', 'excepturi', '1994-10-06 02:29:03', '1977-02-23 21:19:21');
INSERT INTO `documents` (`id`, `name`, `document_type`, `company_id`, `file_path`, `created_at`, `updated_at`) VALUES ('33', 'nihil', '2', '49', 'itaque', '1993-04-28 23:10:11', '1980-07-16 17:51:38');
INSERT INTO `documents` (`id`, `name`, `document_type`, `company_id`, `file_path`, `created_at`, `updated_at`) VALUES ('34', 'error', '2', '9', 'cupiditate', '1981-05-29 01:52:39', '1978-07-15 22:48:44');
INSERT INTO `documents` (`id`, `name`, `document_type`, `company_id`, `file_path`, `created_at`, `updated_at`) VALUES ('35', 'eos', '2', '23', 'non', '1988-08-24 14:23:16', '1981-09-19 13:37:27');
INSERT INTO `documents` (`id`, `name`, `document_type`, `company_id`, `file_path`, `created_at`, `updated_at`) VALUES ('36', 'qui', '2', '4', 'sunt', '2018-04-04 01:59:01', '1998-11-04 15:33:14');
INSERT INTO `documents` (`id`, `name`, `document_type`, `company_id`, `file_path`, `created_at`, `updated_at`) VALUES ('37', 'suscipit', '2', '23', 'quibusdam', '2003-11-21 18:30:07', '1994-09-02 17:36:41');
INSERT INTO `documents` (`id`, `name`, `document_type`, `company_id`, `file_path`, `created_at`, `updated_at`) VALUES ('38', 'sunt', '2', '36', 'magni', '2021-08-19 04:45:42', '1990-08-05 14:07:41');
INSERT INTO `documents` (`id`, `name`, `document_type`, `company_id`, `file_path`, `created_at`, `updated_at`) VALUES ('39', 'facilis', '1', '46', 'molestiae', '1992-01-28 17:06:45', '2001-10-30 11:23:40');
INSERT INTO `documents` (`id`, `name`, `document_type`, `company_id`, `file_path`, `created_at`, `updated_at`) VALUES ('40', 'deserunt', '3', '50', 'facilis', '2002-01-09 08:05:26', '2013-04-22 21:28:42');
INSERT INTO `documents` (`id`, `name`, `document_type`, `company_id`, `file_path`, `created_at`, `updated_at`) VALUES ('41', 'architecto', '2', '48', 'aut', '1990-05-15 08:35:09', '1988-12-17 18:23:35');
INSERT INTO `documents` (`id`, `name`, `document_type`, `company_id`, `file_path`, `created_at`, `updated_at`) VALUES ('42', 'dolores', '2', '24', 'adipisci', '2005-01-15 18:33:19', '1976-11-01 06:49:17');
INSERT INTO `documents` (`id`, `name`, `document_type`, `company_id`, `file_path`, `created_at`, `updated_at`) VALUES ('43', 'nobis', '2', '30', 'sunt', '1992-05-18 10:01:38', '2000-08-07 20:27:10');
INSERT INTO `documents` (`id`, `name`, `document_type`, `company_id`, `file_path`, `created_at`, `updated_at`) VALUES ('44', 'accusamus', '1', '6', 'odio', '1970-05-13 08:25:31', '2012-02-03 03:33:58');
INSERT INTO `documents` (`id`, `name`, `document_type`, `company_id`, `file_path`, `created_at`, `updated_at`) VALUES ('45', 'eveniet', '1', '20', 'fugiat', '2011-04-17 07:00:17', '1991-02-03 19:08:52');
INSERT INTO `documents` (`id`, `name`, `document_type`, `company_id`, `file_path`, `created_at`, `updated_at`) VALUES ('46', 'et', '3', '3', 'ut', '2018-08-13 15:25:34', '1987-03-26 14:40:38');
INSERT INTO `documents` (`id`, `name`, `document_type`, `company_id`, `file_path`, `created_at`, `updated_at`) VALUES ('47', 'voluptate', '2', '49', 'vitae', '2019-12-05 00:30:26', '1998-08-08 06:03:03');
INSERT INTO `documents` (`id`, `name`, `document_type`, `company_id`, `file_path`, `created_at`, `updated_at`) VALUES ('48', 'architecto', '2', '41', 'esse', '2007-02-04 22:02:11', '1982-05-18 14:55:06');
INSERT INTO `documents` (`id`, `name`, `document_type`, `company_id`, `file_path`, `created_at`, `updated_at`) VALUES ('49', 'totam', '3', '1', 'nihil', '1979-09-02 14:26:56', '2006-01-12 15:11:24');
INSERT INTO `documents` (`id`, `name`, `document_type`, `company_id`, `file_path`, `created_at`, `updated_at`) VALUES ('50', 'et', '3', '19', 'enim', '1984-08-08 04:17:34', '1987-09-16 09:56:54');
INSERT INTO `documents` (`id`, `name`, `document_type`, `company_id`, `file_path`, `created_at`, `updated_at`) VALUES ('51', 'velit', '2', '23', 'et', '1998-08-03 11:16:14', '1971-07-16 14:50:44');
INSERT INTO `documents` (`id`, `name`, `document_type`, `company_id`, `file_path`, `created_at`, `updated_at`) VALUES ('52', 'ab', '2', '47', 'quos', '2006-06-16 05:27:47', '2009-06-01 20:25:13');
INSERT INTO `documents` (`id`, `name`, `document_type`, `company_id`, `file_path`, `created_at`, `updated_at`) VALUES ('53', 'consequatur', '3', '42', 'officia', '2021-08-04 02:19:46', '2010-12-09 17:24:48');
INSERT INTO `documents` (`id`, `name`, `document_type`, `company_id`, `file_path`, `created_at`, `updated_at`) VALUES ('54', 'qui', '2', '50', 'quis', '2004-07-16 00:13:03', '2021-04-28 15:41:06');
INSERT INTO `documents` (`id`, `name`, `document_type`, `company_id`, `file_path`, `created_at`, `updated_at`) VALUES ('55', 'sint', '3', '27', 'fugit', '1973-11-02 10:38:27', '1997-04-30 20:56:12');
INSERT INTO `documents` (`id`, `name`, `document_type`, `company_id`, `file_path`, `created_at`, `updated_at`) VALUES ('56', 'minima', '3', '8', 'neque', '1995-05-11 21:44:28', '2003-02-16 04:26:50');
INSERT INTO `documents` (`id`, `name`, `document_type`, `company_id`, `file_path`, `created_at`, `updated_at`) VALUES ('57', 'rerum', '2', '33', 'ad', '2014-06-28 16:16:44', '1997-10-26 10:42:27');
INSERT INTO `documents` (`id`, `name`, `document_type`, `company_id`, `file_path`, `created_at`, `updated_at`) VALUES ('58', 'sint', '2', '45', 'aperiam', '1981-09-02 23:24:47', '2019-07-06 18:46:58');
INSERT INTO `documents` (`id`, `name`, `document_type`, `company_id`, `file_path`, `created_at`, `updated_at`) VALUES ('59', 'id', '1', '34', 'adipisci', '2013-01-07 18:12:36', '2006-09-14 03:16:27');
INSERT INTO `documents` (`id`, `name`, `document_type`, `company_id`, `file_path`, `created_at`, `updated_at`) VALUES ('60', 'illo', '1', '16', 'voluptatem', '1994-08-25 06:54:01', '1980-07-22 19:00:23');
INSERT INTO `documents` (`id`, `name`, `document_type`, `company_id`, `file_path`, `created_at`, `updated_at`) VALUES ('61', 'voluptatem', '1', '37', 'iste', '2012-05-07 09:21:43', '1989-10-04 08:05:30');
INSERT INTO `documents` (`id`, `name`, `document_type`, `company_id`, `file_path`, `created_at`, `updated_at`) VALUES ('62', 'explicabo', '2', '26', 'est', '1997-06-22 05:16:27', '1996-07-12 18:43:36');
INSERT INTO `documents` (`id`, `name`, `document_type`, `company_id`, `file_path`, `created_at`, `updated_at`) VALUES ('63', 'temporibus', '3', '35', 'est', '1978-01-12 16:51:12', '1986-09-24 05:42:06');
INSERT INTO `documents` (`id`, `name`, `document_type`, `company_id`, `file_path`, `created_at`, `updated_at`) VALUES ('64', 'explicabo', '1', '33', 'debitis', '1986-04-01 04:59:31', '1998-09-11 16:57:08');
INSERT INTO `documents` (`id`, `name`, `document_type`, `company_id`, `file_path`, `created_at`, `updated_at`) VALUES ('65', 'recusandae', '3', '15', 'occaecati', '2017-11-29 13:08:19', '1988-10-15 09:04:00');
INSERT INTO `documents` (`id`, `name`, `document_type`, `company_id`, `file_path`, `created_at`, `updated_at`) VALUES ('66', 'sint', '1', '8', 'et', '1976-02-07 14:28:06', '2008-10-26 06:01:42');
INSERT INTO `documents` (`id`, `name`, `document_type`, `company_id`, `file_path`, `created_at`, `updated_at`) VALUES ('67', 'rerum', '3', '23', 'enim', '1993-12-02 06:20:27', '2015-07-03 03:27:46');
INSERT INTO `documents` (`id`, `name`, `document_type`, `company_id`, `file_path`, `created_at`, `updated_at`) VALUES ('68', 'nisi', '1', '32', 'in', '2020-09-14 01:42:54', '1978-11-10 01:16:27');
INSERT INTO `documents` (`id`, `name`, `document_type`, `company_id`, `file_path`, `created_at`, `updated_at`) VALUES ('69', 'quisquam', '1', '37', 'ab', '1971-04-21 16:27:59', '1988-10-25 12:29:26');
INSERT INTO `documents` (`id`, `name`, `document_type`, `company_id`, `file_path`, `created_at`, `updated_at`) VALUES ('70', 'cumque', '2', '2', 'autem', '2004-01-13 13:44:06', '1990-12-10 13:33:20');
INSERT INTO `documents` (`id`, `name`, `document_type`, `company_id`, `file_path`, `created_at`, `updated_at`) VALUES ('71', 'laudantium', '1', '31', 'maxime', '1997-06-28 23:11:38', '2000-08-03 16:32:17');
INSERT INTO `documents` (`id`, `name`, `document_type`, `company_id`, `file_path`, `created_at`, `updated_at`) VALUES ('72', 'sapiente', '1', '37', 'in', '2009-08-26 22:34:31', '2012-07-26 21:41:49');
INSERT INTO `documents` (`id`, `name`, `document_type`, `company_id`, `file_path`, `created_at`, `updated_at`) VALUES ('73', 'ut', '1', '41', 'cumque', '1987-12-29 23:21:53', '1977-05-09 15:58:00');
INSERT INTO `documents` (`id`, `name`, `document_type`, `company_id`, `file_path`, `created_at`, `updated_at`) VALUES ('74', 'quas', '2', '26', 'sed', '1982-06-25 10:14:03', '2014-02-05 21:29:31');
INSERT INTO `documents` (`id`, `name`, `document_type`, `company_id`, `file_path`, `created_at`, `updated_at`) VALUES ('75', 'aliquam', '2', '32', 'adipisci', '2005-10-16 10:26:15', '2001-03-28 00:07:22');
INSERT INTO `documents` (`id`, `name`, `document_type`, `company_id`, `file_path`, `created_at`, `updated_at`) VALUES ('76', 'at', '3', '29', 'consequuntur', '2018-05-30 00:55:53', '1997-08-20 08:14:17');
INSERT INTO `documents` (`id`, `name`, `document_type`, `company_id`, `file_path`, `created_at`, `updated_at`) VALUES ('77', 'commodi', '2', '9', 'ullam', '2015-05-15 22:43:01', '2009-12-08 21:05:04');
INSERT INTO `documents` (`id`, `name`, `document_type`, `company_id`, `file_path`, `created_at`, `updated_at`) VALUES ('78', 'consequatur', '1', '4', 'laboriosam', '2000-02-18 04:25:48', '1974-03-27 02:05:22');
INSERT INTO `documents` (`id`, `name`, `document_type`, `company_id`, `file_path`, `created_at`, `updated_at`) VALUES ('79', 'officiis', '3', '19', 'omnis', '2016-01-01 23:48:20', '1990-02-03 21:56:37');
INSERT INTO `documents` (`id`, `name`, `document_type`, `company_id`, `file_path`, `created_at`, `updated_at`) VALUES ('80', 'corporis', '3', '29', 'assumenda', '2010-07-18 13:50:50', '2011-04-06 22:02:10');
INSERT INTO `documents` (`id`, `name`, `document_type`, `company_id`, `file_path`, `created_at`, `updated_at`) VALUES ('81', 'iure', '3', '37', 'esse', '2019-11-28 19:39:46', '2015-08-13 07:07:18');
INSERT INTO `documents` (`id`, `name`, `document_type`, `company_id`, `file_path`, `created_at`, `updated_at`) VALUES ('82', 'libero', '3', '21', 'quibusdam', '2009-05-17 00:45:42', '1985-07-05 18:17:56');
INSERT INTO `documents` (`id`, `name`, `document_type`, `company_id`, `file_path`, `created_at`, `updated_at`) VALUES ('83', 'fugit', '1', '41', 'eveniet', '2019-01-28 06:03:11', '2012-04-11 10:44:38');
INSERT INTO `documents` (`id`, `name`, `document_type`, `company_id`, `file_path`, `created_at`, `updated_at`) VALUES ('84', 'rerum', '1', '24', 'qui', '1990-12-10 18:39:18', '1986-02-12 00:45:30');
INSERT INTO `documents` (`id`, `name`, `document_type`, `company_id`, `file_path`, `created_at`, `updated_at`) VALUES ('85', 'iure', '2', '34', 'mollitia', '2018-06-20 06:40:51', '1994-05-14 14:25:28');
INSERT INTO `documents` (`id`, `name`, `document_type`, `company_id`, `file_path`, `created_at`, `updated_at`) VALUES ('86', 'quia', '2', '41', 'sed', '1970-02-06 11:01:12', '1991-10-26 13:47:03');
INSERT INTO `documents` (`id`, `name`, `document_type`, `company_id`, `file_path`, `created_at`, `updated_at`) VALUES ('87', 'enim', '1', '34', 'odio', '1997-12-10 05:59:16', '2005-04-24 08:31:42');
INSERT INTO `documents` (`id`, `name`, `document_type`, `company_id`, `file_path`, `created_at`, `updated_at`) VALUES ('88', 'id', '2', '28', 'aut', '2021-01-14 03:57:55', '2003-06-16 07:41:11');
INSERT INTO `documents` (`id`, `name`, `document_type`, `company_id`, `file_path`, `created_at`, `updated_at`) VALUES ('89', 'sunt', '2', '8', 'ea', '1986-07-10 23:37:58', '2009-05-19 11:27:38');
INSERT INTO `documents` (`id`, `name`, `document_type`, `company_id`, `file_path`, `created_at`, `updated_at`) VALUES ('90', 'suscipit', '1', '50', 'ut', '1993-01-27 20:03:12', '2013-12-07 14:41:06');
INSERT INTO `documents` (`id`, `name`, `document_type`, `company_id`, `file_path`, `created_at`, `updated_at`) VALUES ('91', 'optio', '3', '43', 'perferendis', '1976-08-27 05:47:21', '2000-07-21 15:47:06');
INSERT INTO `documents` (`id`, `name`, `document_type`, `company_id`, `file_path`, `created_at`, `updated_at`) VALUES ('92', 'sint', '2', '7', 'quia', '2015-04-05 13:48:14', '2014-12-18 02:01:41');
INSERT INTO `documents` (`id`, `name`, `document_type`, `company_id`, `file_path`, `created_at`, `updated_at`) VALUES ('93', 'neque', '1', '31', 'eos', '1974-01-02 01:35:37', '2005-11-12 20:23:18');
INSERT INTO `documents` (`id`, `name`, `document_type`, `company_id`, `file_path`, `created_at`, `updated_at`) VALUES ('94', 'quo', '1', '45', 'illum', '1977-11-20 16:00:43', '2016-06-12 10:45:58');
INSERT INTO `documents` (`id`, `name`, `document_type`, `company_id`, `file_path`, `created_at`, `updated_at`) VALUES ('95', 'aut', '3', '46', 'nihil', '1994-01-20 01:02:43', '2002-06-10 19:48:39');
INSERT INTO `documents` (`id`, `name`, `document_type`, `company_id`, `file_path`, `created_at`, `updated_at`) VALUES ('96', 'qui', '2', '33', 'qui', '1977-09-29 21:19:30', '1992-07-04 06:24:00');
INSERT INTO `documents` (`id`, `name`, `document_type`, `company_id`, `file_path`, `created_at`, `updated_at`) VALUES ('97', 'ut', '2', '9', 'magni', '1991-10-16 10:22:58', '1972-07-22 03:12:11');
INSERT INTO `documents` (`id`, `name`, `document_type`, `company_id`, `file_path`, `created_at`, `updated_at`) VALUES ('98', 'harum', '1', '41', 'alias', '2011-07-01 11:42:02', '2015-01-18 07:52:53');
INSERT INTO `documents` (`id`, `name`, `document_type`, `company_id`, `file_path`, `created_at`, `updated_at`) VALUES ('99', 'optio', '3', '7', 'non', '2005-07-01 00:13:15', '2020-12-08 10:14:25');
INSERT INTO `documents` (`id`, `name`, `document_type`, `company_id`, `file_path`, `created_at`, `updated_at`) VALUES ('100', 'amet', '1', '27', 'quam', '2007-02-10 01:41:41', '2010-07-11 01:13:19');
INSERT INTO `documents` (`id`, `name`, `document_type`, `company_id`, `file_path`, `created_at`, `updated_at`) VALUES ('101', 'facilis', '3', '39', 'magnam', '1973-02-23 16:19:30', '1980-05-28 13:41:04');
INSERT INTO `documents` (`id`, `name`, `document_type`, `company_id`, `file_path`, `created_at`, `updated_at`) VALUES ('102', 'possimus', '1', '5', 'ut', '2012-10-21 18:42:08', '2020-07-24 20:02:30');
INSERT INTO `documents` (`id`, `name`, `document_type`, `company_id`, `file_path`, `created_at`, `updated_at`) VALUES ('103', 'exercitationem', '2', '43', 'nesciunt', '2018-12-18 22:53:00', '1984-09-24 10:21:50');
INSERT INTO `documents` (`id`, `name`, `document_type`, `company_id`, `file_path`, `created_at`, `updated_at`) VALUES ('104', 'sit', '2', '47', 'ipsa', '2006-09-06 18:51:03', '1985-12-01 04:23:49');
INSERT INTO `documents` (`id`, `name`, `document_type`, `company_id`, `file_path`, `created_at`, `updated_at`) VALUES ('105', 'sint', '3', '34', 'numquam', '1981-04-16 15:05:56', '1987-06-04 00:24:29');
INSERT INTO `documents` (`id`, `name`, `document_type`, `company_id`, `file_path`, `created_at`, `updated_at`) VALUES ('106', 'ut', '3', '38', 'et', '1985-08-25 09:59:08', '2009-11-05 08:29:49');
INSERT INTO `documents` (`id`, `name`, `document_type`, `company_id`, `file_path`, `created_at`, `updated_at`) VALUES ('107', 'dicta', '2', '23', 'ad', '2002-03-22 20:02:40', '1981-06-28 05:37:20');
INSERT INTO `documents` (`id`, `name`, `document_type`, `company_id`, `file_path`, `created_at`, `updated_at`) VALUES ('108', 'quibusdam', '3', '28', 'et', '2021-05-14 17:00:21', '1998-10-21 21:56:14');
INSERT INTO `documents` (`id`, `name`, `document_type`, `company_id`, `file_path`, `created_at`, `updated_at`) VALUES ('109', 'est', '1', '4', 'et', '2001-07-10 17:32:44', '1985-04-29 18:21:53');
INSERT INTO `documents` (`id`, `name`, `document_type`, `company_id`, `file_path`, `created_at`, `updated_at`) VALUES ('110', 'et', '2', '3', 'voluptas', '2015-11-29 01:21:09', '1973-08-10 05:07:42');
INSERT INTO `documents` (`id`, `name`, `document_type`, `company_id`, `file_path`, `created_at`, `updated_at`) VALUES ('111', 'modi', '3', '44', 'inventore', '1990-02-23 04:52:00', '2010-06-07 15:21:50');
INSERT INTO `documents` (`id`, `name`, `document_type`, `company_id`, `file_path`, `created_at`, `updated_at`) VALUES ('112', 'ut', '3', '31', 'corporis', '1976-12-11 20:20:27', '1990-05-23 10:03:57');
INSERT INTO `documents` (`id`, `name`, `document_type`, `company_id`, `file_path`, `created_at`, `updated_at`) VALUES ('113', 'labore', '1', '39', 'et', '1980-05-02 19:37:37', '2000-10-03 03:54:12');
INSERT INTO `documents` (`id`, `name`, `document_type`, `company_id`, `file_path`, `created_at`, `updated_at`) VALUES ('114', 'qui', '2', '1', 'quo', '2013-03-12 01:48:01', '2005-09-18 05:49:57');
INSERT INTO `documents` (`id`, `name`, `document_type`, `company_id`, `file_path`, `created_at`, `updated_at`) VALUES ('115', 'sit', '3', '36', 'magnam', '1996-03-13 15:29:27', '1991-03-06 14:52:32');
INSERT INTO `documents` (`id`, `name`, `document_type`, `company_id`, `file_path`, `created_at`, `updated_at`) VALUES ('116', 'veritatis', '2', '36', 'dicta', '1987-02-10 07:01:52', '1990-08-19 00:23:54');
INSERT INTO `documents` (`id`, `name`, `document_type`, `company_id`, `file_path`, `created_at`, `updated_at`) VALUES ('117', 'eum', '2', '43', 'veniam', '1997-10-14 05:48:55', '1987-09-17 13:19:29');
INSERT INTO `documents` (`id`, `name`, `document_type`, `company_id`, `file_path`, `created_at`, `updated_at`) VALUES ('118', 'quas', '3', '46', 'earum', '1982-09-08 03:40:22', '1972-12-16 21:08:26');
INSERT INTO `documents` (`id`, `name`, `document_type`, `company_id`, `file_path`, `created_at`, `updated_at`) VALUES ('119', 'est', '3', '22', 'fugit', '1976-05-23 00:01:52', '1997-03-15 23:24:52');
INSERT INTO `documents` (`id`, `name`, `document_type`, `company_id`, `file_path`, `created_at`, `updated_at`) VALUES ('120', 'omnis', '3', '35', 'ipsa', '2011-11-25 11:43:24', '2016-07-31 01:41:41');
INSERT INTO `documents` (`id`, `name`, `document_type`, `company_id`, `file_path`, `created_at`, `updated_at`) VALUES ('121', 'tenetur', '1', '38', 'minus', '2000-07-16 23:06:40', '1982-03-09 14:47:57');
INSERT INTO `documents` (`id`, `name`, `document_type`, `company_id`, `file_path`, `created_at`, `updated_at`) VALUES ('122', 'expedita', '2', '33', 'reiciendis', '1983-10-23 04:33:38', '1976-11-29 22:51:16');
INSERT INTO `documents` (`id`, `name`, `document_type`, `company_id`, `file_path`, `created_at`, `updated_at`) VALUES ('123', 'numquam', '1', '17', 'quo', '1987-04-13 08:57:19', '2012-03-25 08:48:51');
INSERT INTO `documents` (`id`, `name`, `document_type`, `company_id`, `file_path`, `created_at`, `updated_at`) VALUES ('124', 'occaecati', '1', '14', 'porro', '1998-03-05 09:37:25', '1971-10-05 13:21:29');
INSERT INTO `documents` (`id`, `name`, `document_type`, `company_id`, `file_path`, `created_at`, `updated_at`) VALUES ('125', 'a', '2', '31', 'molestias', '2019-01-11 20:03:07', '2008-03-28 06:22:25');
INSERT INTO `documents` (`id`, `name`, `document_type`, `company_id`, `file_path`, `created_at`, `updated_at`) VALUES ('126', 'aut', '1', '20', 'itaque', '1995-10-04 16:28:21', '2006-06-14 01:15:03');
INSERT INTO `documents` (`id`, `name`, `document_type`, `company_id`, `file_path`, `created_at`, `updated_at`) VALUES ('127', 'accusamus', '2', '1', 'et', '2007-09-20 22:50:41', '1983-11-25 07:16:31');
INSERT INTO `documents` (`id`, `name`, `document_type`, `company_id`, `file_path`, `created_at`, `updated_at`) VALUES ('128', 'repudiandae', '3', '26', 'aut', '1999-11-17 15:01:49', '2000-07-23 15:26:29');
INSERT INTO `documents` (`id`, `name`, `document_type`, `company_id`, `file_path`, `created_at`, `updated_at`) VALUES ('129', 'quaerat', '3', '22', 'dicta', '1988-02-04 14:24:30', '1976-12-15 15:53:31');
INSERT INTO `documents` (`id`, `name`, `document_type`, `company_id`, `file_path`, `created_at`, `updated_at`) VALUES ('130', 'incidunt', '2', '35', 'veritatis', '1998-12-03 17:49:44', '2012-02-13 17:04:43');
INSERT INTO `documents` (`id`, `name`, `document_type`, `company_id`, `file_path`, `created_at`, `updated_at`) VALUES ('131', 'modi', '1', '3', 'accusantium', '2007-06-25 18:32:18', '1973-02-01 11:39:57');
INSERT INTO `documents` (`id`, `name`, `document_type`, `company_id`, `file_path`, `created_at`, `updated_at`) VALUES ('132', 'atque', '2', '31', 'omnis', '1980-03-14 21:08:22', '2008-12-19 16:52:13');
INSERT INTO `documents` (`id`, `name`, `document_type`, `company_id`, `file_path`, `created_at`, `updated_at`) VALUES ('133', 'soluta', '3', '11', 'omnis', '2001-05-26 17:48:03', '2019-03-14 23:10:58');
INSERT INTO `documents` (`id`, `name`, `document_type`, `company_id`, `file_path`, `created_at`, `updated_at`) VALUES ('134', 'non', '2', '31', 'ducimus', '1981-07-14 21:21:20', '2008-12-19 05:22:52');
INSERT INTO `documents` (`id`, `name`, `document_type`, `company_id`, `file_path`, `created_at`, `updated_at`) VALUES ('135', 'non', '2', '19', 'et', '2017-04-02 03:37:04', '1990-08-31 19:52:07');
INSERT INTO `documents` (`id`, `name`, `document_type`, `company_id`, `file_path`, `created_at`, `updated_at`) VALUES ('136', 'incidunt', '1', '38', 'ut', '1993-05-29 21:49:04', '1996-08-24 18:06:41');
INSERT INTO `documents` (`id`, `name`, `document_type`, `company_id`, `file_path`, `created_at`, `updated_at`) VALUES ('137', 'recusandae', '1', '38', 'iste', '1993-09-25 05:18:21', '1981-07-12 04:01:34');
INSERT INTO `documents` (`id`, `name`, `document_type`, `company_id`, `file_path`, `created_at`, `updated_at`) VALUES ('138', 'quia', '2', '17', 'esse', '2001-05-14 09:14:48', '2007-09-28 23:00:20');
INSERT INTO `documents` (`id`, `name`, `document_type`, `company_id`, `file_path`, `created_at`, `updated_at`) VALUES ('139', 'animi', '1', '30', 'eos', '1979-11-08 11:54:24', '2014-05-24 11:28:59');
INSERT INTO `documents` (`id`, `name`, `document_type`, `company_id`, `file_path`, `created_at`, `updated_at`) VALUES ('140', 'nobis', '2', '25', 'at', '1986-09-20 10:24:34', '1995-02-17 18:01:31');
INSERT INTO `documents` (`id`, `name`, `document_type`, `company_id`, `file_path`, `created_at`, `updated_at`) VALUES ('141', 'maiores', '1', '45', 'distinctio', '1981-04-21 03:37:55', '1972-10-02 18:51:32');
INSERT INTO `documents` (`id`, `name`, `document_type`, `company_id`, `file_path`, `created_at`, `updated_at`) VALUES ('142', 'rerum', '3', '34', 'ex', '1992-08-06 08:07:27', '2009-01-27 17:03:09');
INSERT INTO `documents` (`id`, `name`, `document_type`, `company_id`, `file_path`, `created_at`, `updated_at`) VALUES ('143', 'ullam', '3', '44', 'quis', '1989-08-17 05:07:11', '1996-05-30 13:34:43');
INSERT INTO `documents` (`id`, `name`, `document_type`, `company_id`, `file_path`, `created_at`, `updated_at`) VALUES ('144', 'commodi', '1', '35', 'corrupti', '1987-03-11 07:30:51', '1987-05-28 21:10:18');
INSERT INTO `documents` (`id`, `name`, `document_type`, `company_id`, `file_path`, `created_at`, `updated_at`) VALUES ('145', 'vero', '1', '35', 'veritatis', '1970-08-27 11:51:27', '1992-11-27 22:25:08');
INSERT INTO `documents` (`id`, `name`, `document_type`, `company_id`, `file_path`, `created_at`, `updated_at`) VALUES ('146', 'aut', '2', '22', 'sunt', '2006-03-30 04:50:54', '2000-05-08 07:48:38');
INSERT INTO `documents` (`id`, `name`, `document_type`, `company_id`, `file_path`, `created_at`, `updated_at`) VALUES ('147', 'vel', '3', '39', 'et', '1972-04-06 05:18:34', '1998-02-01 14:20:25');
INSERT INTO `documents` (`id`, `name`, `document_type`, `company_id`, `file_path`, `created_at`, `updated_at`) VALUES ('148', 'ad', '1', '33', 'sit', '2017-07-05 14:54:26', '1977-03-09 01:31:26');
INSERT INTO `documents` (`id`, `name`, `document_type`, `company_id`, `file_path`, `created_at`, `updated_at`) VALUES ('149', 'ullam', '3', '28', 'quae', '1987-10-26 18:43:27', '2006-01-27 01:58:22');
INSERT INTO `documents` (`id`, `name`, `document_type`, `company_id`, `file_path`, `created_at`, `updated_at`) VALUES ('150', 'tempora', '1', '32', 'nam', '2003-12-26 04:18:51', '1977-07-27 06:20:49');
INSERT INTO `documents` (`id`, `name`, `document_type`, `company_id`, `file_path`, `created_at`, `updated_at`) VALUES ('151', 'sint', '3', '29', 'non', '1974-07-06 07:13:07', '1989-12-12 01:29:23');
INSERT INTO `documents` (`id`, `name`, `document_type`, `company_id`, `file_path`, `created_at`, `updated_at`) VALUES ('152', 'occaecati', '2', '3', 'optio', '1993-04-29 16:27:55', '2004-09-16 01:20:57');
INSERT INTO `documents` (`id`, `name`, `document_type`, `company_id`, `file_path`, `created_at`, `updated_at`) VALUES ('153', 'dignissimos', '1', '40', 'sit', '1996-07-22 11:22:39', '1973-02-23 20:02:40');
INSERT INTO `documents` (`id`, `name`, `document_type`, `company_id`, `file_path`, `created_at`, `updated_at`) VALUES ('154', 'itaque', '2', '21', 'et', '2006-01-23 10:15:51', '1974-06-07 09:30:41');
INSERT INTO `documents` (`id`, `name`, `document_type`, `company_id`, `file_path`, `created_at`, `updated_at`) VALUES ('155', 'eum', '2', '49', 'ipsa', '1993-11-16 13:39:42', '2008-11-29 00:40:46');
INSERT INTO `documents` (`id`, `name`, `document_type`, `company_id`, `file_path`, `created_at`, `updated_at`) VALUES ('156', 'natus', '3', '28', 'enim', '2015-02-20 05:19:46', '2016-04-10 11:42:41');
INSERT INTO `documents` (`id`, `name`, `document_type`, `company_id`, `file_path`, `created_at`, `updated_at`) VALUES ('157', 'natus', '3', '39', 'nesciunt', '1998-10-10 22:33:26', '1996-12-21 05:07:24');
INSERT INTO `documents` (`id`, `name`, `document_type`, `company_id`, `file_path`, `created_at`, `updated_at`) VALUES ('158', 'dolorum', '1', '39', 'dicta', '2011-03-04 00:44:08', '1985-10-29 00:33:09');
INSERT INTO `documents` (`id`, `name`, `document_type`, `company_id`, `file_path`, `created_at`, `updated_at`) VALUES ('159', 'odit', '2', '20', 'velit', '1981-09-03 18:32:19', '1976-03-09 11:48:55');
INSERT INTO `documents` (`id`, `name`, `document_type`, `company_id`, `file_path`, `created_at`, `updated_at`) VALUES ('160', 'et', '2', '47', 'a', '2018-01-09 14:17:12', '2000-07-21 07:03:59');
INSERT INTO `documents` (`id`, `name`, `document_type`, `company_id`, `file_path`, `created_at`, `updated_at`) VALUES ('161', 'et', '1', '42', 'quas', '1983-01-04 11:42:21', '2010-07-31 06:53:50');
INSERT INTO `documents` (`id`, `name`, `document_type`, `company_id`, `file_path`, `created_at`, `updated_at`) VALUES ('162', 'occaecati', '2', '43', 'est', '2007-04-08 10:31:01', '1976-01-19 07:06:28');
INSERT INTO `documents` (`id`, `name`, `document_type`, `company_id`, `file_path`, `created_at`, `updated_at`) VALUES ('163', 'in', '2', '20', 'quia', '1981-07-03 16:17:45', '2005-09-18 16:34:02');
INSERT INTO `documents` (`id`, `name`, `document_type`, `company_id`, `file_path`, `created_at`, `updated_at`) VALUES ('164', 'facere', '2', '29', 'eos', '1971-09-13 12:50:50', '1991-11-18 16:15:26');
INSERT INTO `documents` (`id`, `name`, `document_type`, `company_id`, `file_path`, `created_at`, `updated_at`) VALUES ('165', 'omnis', '3', '39', 'nulla', '2002-03-13 23:34:38', '1990-08-23 16:39:49');
INSERT INTO `documents` (`id`, `name`, `document_type`, `company_id`, `file_path`, `created_at`, `updated_at`) VALUES ('166', 'sit', '1', '43', 'quia', '1975-11-26 00:17:46', '2020-11-30 13:27:30');
INSERT INTO `documents` (`id`, `name`, `document_type`, `company_id`, `file_path`, `created_at`, `updated_at`) VALUES ('167', 'porro', '2', '30', 'quo', '2019-05-20 08:04:57', '1997-02-15 14:28:53');
INSERT INTO `documents` (`id`, `name`, `document_type`, `company_id`, `file_path`, `created_at`, `updated_at`) VALUES ('168', 'temporibus', '3', '34', 'quisquam', '1972-03-24 16:15:53', '1973-04-06 03:27:19');
INSERT INTO `documents` (`id`, `name`, `document_type`, `company_id`, `file_path`, `created_at`, `updated_at`) VALUES ('169', 'et', '2', '14', 'impedit', '2001-01-30 18:52:09', '1982-11-01 17:40:45');
INSERT INTO `documents` (`id`, `name`, `document_type`, `company_id`, `file_path`, `created_at`, `updated_at`) VALUES ('170', 'blanditiis', '1', '37', 'quis', '1970-03-17 07:57:52', '2012-07-28 12:56:26');
INSERT INTO `documents` (`id`, `name`, `document_type`, `company_id`, `file_path`, `created_at`, `updated_at`) VALUES ('171', 'deserunt', '1', '49', 'adipisci', '1982-01-23 02:41:18', '1977-07-04 13:16:36');
INSERT INTO `documents` (`id`, `name`, `document_type`, `company_id`, `file_path`, `created_at`, `updated_at`) VALUES ('172', 'et', '1', '6', 'accusantium', '2009-07-29 05:50:25', '2012-10-12 08:29:15');
INSERT INTO `documents` (`id`, `name`, `document_type`, `company_id`, `file_path`, `created_at`, `updated_at`) VALUES ('173', 'culpa', '3', '26', 'voluptatem', '2004-05-10 02:03:08', '1972-02-21 02:45:51');
INSERT INTO `documents` (`id`, `name`, `document_type`, `company_id`, `file_path`, `created_at`, `updated_at`) VALUES ('174', 'est', '3', '20', 'nihil', '2018-12-03 00:41:07', '1973-12-19 10:44:31');
INSERT INTO `documents` (`id`, `name`, `document_type`, `company_id`, `file_path`, `created_at`, `updated_at`) VALUES ('175', 'soluta', '3', '17', 'itaque', '1980-04-19 15:45:08', '1973-11-21 10:52:31');
INSERT INTO `documents` (`id`, `name`, `document_type`, `company_id`, `file_path`, `created_at`, `updated_at`) VALUES ('176', 'id', '1', '1', 'corrupti', '2011-12-14 18:46:52', '2008-07-14 08:55:47');
INSERT INTO `documents` (`id`, `name`, `document_type`, `company_id`, `file_path`, `created_at`, `updated_at`) VALUES ('177', 'autem', '1', '35', 'ullam', '2001-05-19 21:36:45', '2018-10-24 14:06:50');
INSERT INTO `documents` (`id`, `name`, `document_type`, `company_id`, `file_path`, `created_at`, `updated_at`) VALUES ('178', 'vero', '3', '38', 'hic', '2010-03-11 23:41:35', '1972-02-19 18:33:22');
INSERT INTO `documents` (`id`, `name`, `document_type`, `company_id`, `file_path`, `created_at`, `updated_at`) VALUES ('179', 'officia', '1', '18', 'animi', '1976-01-01 03:40:47', '1988-06-11 05:16:15');
INSERT INTO `documents` (`id`, `name`, `document_type`, `company_id`, `file_path`, `created_at`, `updated_at`) VALUES ('180', 'rerum', '1', '50', 'fugiat', '2021-01-11 08:14:49', '1975-04-28 07:49:25');
INSERT INTO `documents` (`id`, `name`, `document_type`, `company_id`, `file_path`, `created_at`, `updated_at`) VALUES ('181', 'perferendis', '1', '27', 'labore', '2019-09-30 20:02:41', '1977-05-03 21:28:07');
INSERT INTO `documents` (`id`, `name`, `document_type`, `company_id`, `file_path`, `created_at`, `updated_at`) VALUES ('182', 'cupiditate', '3', '23', 'minus', '1983-09-22 02:00:49', '2016-01-28 09:20:32');
INSERT INTO `documents` (`id`, `name`, `document_type`, `company_id`, `file_path`, `created_at`, `updated_at`) VALUES ('183', 'cupiditate', '1', '38', 'assumenda', '1970-12-10 00:25:10', '1974-11-26 19:44:55');
INSERT INTO `documents` (`id`, `name`, `document_type`, `company_id`, `file_path`, `created_at`, `updated_at`) VALUES ('184', 'vel', '1', '25', 'voluptatem', '1978-05-05 13:23:00', '1985-07-03 20:06:58');
INSERT INTO `documents` (`id`, `name`, `document_type`, `company_id`, `file_path`, `created_at`, `updated_at`) VALUES ('185', 'dolores', '1', '10', 'eum', '1979-12-19 19:04:09', '2014-11-10 18:45:57');
INSERT INTO `documents` (`id`, `name`, `document_type`, `company_id`, `file_path`, `created_at`, `updated_at`) VALUES ('186', 'tempora', '1', '13', 'corrupti', '1970-12-15 14:35:50', '1976-01-19 22:55:46');
INSERT INTO `documents` (`id`, `name`, `document_type`, `company_id`, `file_path`, `created_at`, `updated_at`) VALUES ('187', 'velit', '1', '26', 'placeat', '2008-09-30 16:22:21', '1975-11-27 19:17:15');
INSERT INTO `documents` (`id`, `name`, `document_type`, `company_id`, `file_path`, `created_at`, `updated_at`) VALUES ('188', 'quia', '2', '46', 'sit', '2002-10-09 20:21:03', '1994-06-11 03:32:19');
INSERT INTO `documents` (`id`, `name`, `document_type`, `company_id`, `file_path`, `created_at`, `updated_at`) VALUES ('189', 'cumque', '1', '13', 'officiis', '2001-02-23 00:52:32', '2008-08-14 19:32:09');
INSERT INTO `documents` (`id`, `name`, `document_type`, `company_id`, `file_path`, `created_at`, `updated_at`) VALUES ('190', 'est', '1', '48', 'cumque', '2003-03-13 22:14:08', '1995-04-16 08:22:36');
INSERT INTO `documents` (`id`, `name`, `document_type`, `company_id`, `file_path`, `created_at`, `updated_at`) VALUES ('191', 'assumenda', '2', '32', 'assumenda', '1992-11-10 06:43:31', '1973-12-25 12:12:57');
INSERT INTO `documents` (`id`, `name`, `document_type`, `company_id`, `file_path`, `created_at`, `updated_at`) VALUES ('192', 'inventore', '3', '36', 'totam', '2002-10-19 10:25:23', '2000-10-31 06:57:01');
INSERT INTO `documents` (`id`, `name`, `document_type`, `company_id`, `file_path`, `created_at`, `updated_at`) VALUES ('193', 'quis', '1', '42', 'perferendis', '1988-09-24 06:05:48', '2012-02-01 22:03:11');
INSERT INTO `documents` (`id`, `name`, `document_type`, `company_id`, `file_path`, `created_at`, `updated_at`) VALUES ('194', 'deleniti', '2', '19', 'magnam', '2008-03-14 04:28:16', '2010-06-19 20:07:31');
INSERT INTO `documents` (`id`, `name`, `document_type`, `company_id`, `file_path`, `created_at`, `updated_at`) VALUES ('195', 'eum', '1', '39', 'nihil', '2020-04-27 21:22:07', '1999-06-30 07:16:46');
INSERT INTO `documents` (`id`, `name`, `document_type`, `company_id`, `file_path`, `created_at`, `updated_at`) VALUES ('196', 'placeat', '2', '15', 'inventore', '2019-02-10 13:11:20', '1994-08-22 13:45:22');
INSERT INTO `documents` (`id`, `name`, `document_type`, `company_id`, `file_path`, `created_at`, `updated_at`) VALUES ('197', 'atque', '1', '11', 'est', '1998-10-06 01:29:38', '1996-01-24 15:52:10');
INSERT INTO `documents` (`id`, `name`, `document_type`, `company_id`, `file_path`, `created_at`, `updated_at`) VALUES ('198', 'sint', '3', '21', 'quam', '1982-03-14 13:22:52', '1993-07-22 08:35:01');
INSERT INTO `documents` (`id`, `name`, `document_type`, `company_id`, `file_path`, `created_at`, `updated_at`) VALUES ('199', 'aperiam', '3', '44', 'molestiae', '1975-03-06 11:51:34', '2006-10-26 09:19:16');
INSERT INTO `documents` (`id`, `name`, `document_type`, `company_id`, `file_path`, `created_at`, `updated_at`) VALUES ('200', 'voluptatem', '3', '49', 'at', '1995-08-06 00:00:16', '1988-07-20 07:04:07');
INSERT INTO `documents` (`id`, `name`, `document_type`, `company_id`, `file_path`, `created_at`, `updated_at`) VALUES ('201', 'possimus', '1', '6', 'quam', '1997-03-22 06:40:27', '1974-10-19 01:21:29');
INSERT INTO `documents` (`id`, `name`, `document_type`, `company_id`, `file_path`, `created_at`, `updated_at`) VALUES ('202', 'cumque', '1', '12', 'soluta', '1974-05-16 21:55:32', '1981-02-23 22:35:26');
INSERT INTO `documents` (`id`, `name`, `document_type`, `company_id`, `file_path`, `created_at`, `updated_at`) VALUES ('203', 'recusandae', '2', '31', 'voluptatem', '1992-06-04 08:31:14', '1992-12-21 13:21:42');
INSERT INTO `documents` (`id`, `name`, `document_type`, `company_id`, `file_path`, `created_at`, `updated_at`) VALUES ('204', 'sint', '1', '34', 'ipsum', '2017-11-18 14:06:43', '1997-02-19 03:02:33');
INSERT INTO `documents` (`id`, `name`, `document_type`, `company_id`, `file_path`, `created_at`, `updated_at`) VALUES ('205', 'eveniet', '3', '23', 'blanditiis', '2011-01-13 21:50:28', '1993-07-16 16:44:27');
INSERT INTO `documents` (`id`, `name`, `document_type`, `company_id`, `file_path`, `created_at`, `updated_at`) VALUES ('206', 'sed', '2', '21', 'odio', '1989-07-11 03:27:26', '2000-05-15 16:13:39');
INSERT INTO `documents` (`id`, `name`, `document_type`, `company_id`, `file_path`, `created_at`, `updated_at`) VALUES ('207', 'ad', '1', '30', 'accusamus', '1972-03-12 18:31:20', '2002-05-10 07:05:48');
INSERT INTO `documents` (`id`, `name`, `document_type`, `company_id`, `file_path`, `created_at`, `updated_at`) VALUES ('208', 'architecto', '1', '20', 'porro', '2006-02-13 19:16:54', '1984-01-14 06:52:11');
INSERT INTO `documents` (`id`, `name`, `document_type`, `company_id`, `file_path`, `created_at`, `updated_at`) VALUES ('209', 'et', '2', '29', 'quod', '2020-04-17 16:21:43', '1998-04-27 07:01:48');
INSERT INTO `documents` (`id`, `name`, `document_type`, `company_id`, `file_path`, `created_at`, `updated_at`) VALUES ('210', 'qui', '3', '29', 'ratione', '1982-04-28 23:17:02', '1992-09-23 23:31:34');
INSERT INTO `documents` (`id`, `name`, `document_type`, `company_id`, `file_path`, `created_at`, `updated_at`) VALUES ('211', 'pariatur', '2', '7', 'reprehenderit', '2008-10-18 14:10:35', '2007-11-27 09:17:46');
INSERT INTO `documents` (`id`, `name`, `document_type`, `company_id`, `file_path`, `created_at`, `updated_at`) VALUES ('212', 'reprehenderit', '3', '33', 'dolorem', '2014-04-05 23:58:21', '1971-07-04 03:30:54');
INSERT INTO `documents` (`id`, `name`, `document_type`, `company_id`, `file_path`, `created_at`, `updated_at`) VALUES ('213', 'sed', '2', '31', 'quia', '1996-06-24 02:03:53', '1986-01-16 09:53:39');
INSERT INTO `documents` (`id`, `name`, `document_type`, `company_id`, `file_path`, `created_at`, `updated_at`) VALUES ('214', 'distinctio', '1', '16', 'praesentium', '1995-06-23 09:14:01', '1987-05-27 16:43:32');
INSERT INTO `documents` (`id`, `name`, `document_type`, `company_id`, `file_path`, `created_at`, `updated_at`) VALUES ('215', 'magnam', '2', '48', 'provident', '1998-12-21 09:44:44', '2020-10-06 14:33:12');
INSERT INTO `documents` (`id`, `name`, `document_type`, `company_id`, `file_path`, `created_at`, `updated_at`) VALUES ('216', 'a', '1', '28', 'ut', '1984-12-10 08:55:51', '1973-10-27 12:06:46');
INSERT INTO `documents` (`id`, `name`, `document_type`, `company_id`, `file_path`, `created_at`, `updated_at`) VALUES ('217', 'laudantium', '1', '26', 'reprehenderit', '1973-06-11 23:31:44', '2020-06-27 22:51:44');
INSERT INTO `documents` (`id`, `name`, `document_type`, `company_id`, `file_path`, `created_at`, `updated_at`) VALUES ('218', 'quia', '3', '35', 'deserunt', '2021-07-22 04:14:48', '2021-05-16 18:51:41');
INSERT INTO `documents` (`id`, `name`, `document_type`, `company_id`, `file_path`, `created_at`, `updated_at`) VALUES ('219', 'aspernatur', '1', '47', 'et', '1995-01-27 14:03:54', '1990-09-01 22:27:22');
INSERT INTO `documents` (`id`, `name`, `document_type`, `company_id`, `file_path`, `created_at`, `updated_at`) VALUES ('220', 'ut', '2', '48', 'quasi', '2018-12-16 21:47:48', '1976-01-11 06:00:29');
INSERT INTO `documents` (`id`, `name`, `document_type`, `company_id`, `file_path`, `created_at`, `updated_at`) VALUES ('221', 'rem', '2', '49', 'laudantium', '1996-06-24 10:24:57', '1971-10-24 12:30:39');
INSERT INTO `documents` (`id`, `name`, `document_type`, `company_id`, `file_path`, `created_at`, `updated_at`) VALUES ('222', 'dolor', '2', '22', 'veniam', '1999-09-16 05:12:14', '1979-02-18 00:58:51');
INSERT INTO `documents` (`id`, `name`, `document_type`, `company_id`, `file_path`, `created_at`, `updated_at`) VALUES ('223', 'quis', '2', '25', 'molestias', '1976-01-13 12:32:37', '1981-10-16 09:34:51');
INSERT INTO `documents` (`id`, `name`, `document_type`, `company_id`, `file_path`, `created_at`, `updated_at`) VALUES ('224', 'quas', '3', '48', 'repellendus', '2001-05-01 17:09:48', '2005-09-11 06:31:21');
INSERT INTO `documents` (`id`, `name`, `document_type`, `company_id`, `file_path`, `created_at`, `updated_at`) VALUES ('225', 'soluta', '1', '29', 'magnam', '1987-11-24 11:40:37', '2011-12-21 18:55:07');
INSERT INTO `documents` (`id`, `name`, `document_type`, `company_id`, `file_path`, `created_at`, `updated_at`) VALUES ('226', 'est', '2', '21', 'similique', '2012-05-31 16:06:25', '1972-03-13 23:56:20');
INSERT INTO `documents` (`id`, `name`, `document_type`, `company_id`, `file_path`, `created_at`, `updated_at`) VALUES ('227', 'non', '3', '21', 'aut', '1989-05-01 01:06:06', '1986-10-15 22:17:07');
INSERT INTO `documents` (`id`, `name`, `document_type`, `company_id`, `file_path`, `created_at`, `updated_at`) VALUES ('228', 'excepturi', '1', '3', 'iste', '2015-10-20 11:16:56', '2014-07-12 11:03:12');
INSERT INTO `documents` (`id`, `name`, `document_type`, `company_id`, `file_path`, `created_at`, `updated_at`) VALUES ('229', 'ipsum', '1', '6', 'nobis', '1985-10-21 07:48:16', '2014-10-23 14:44:06');
INSERT INTO `documents` (`id`, `name`, `document_type`, `company_id`, `file_path`, `created_at`, `updated_at`) VALUES ('230', 'ut', '2', '26', 'eaque', '1973-01-16 12:14:28', '2005-02-26 04:22:20');
INSERT INTO `documents` (`id`, `name`, `document_type`, `company_id`, `file_path`, `created_at`, `updated_at`) VALUES ('231', 'soluta', '1', '32', 'libero', '2016-10-29 00:41:35', '1987-04-17 05:00:56');
INSERT INTO `documents` (`id`, `name`, `document_type`, `company_id`, `file_path`, `created_at`, `updated_at`) VALUES ('232', 'ut', '1', '7', 'laboriosam', '1975-05-28 03:34:33', '1970-09-26 09:39:16');
INSERT INTO `documents` (`id`, `name`, `document_type`, `company_id`, `file_path`, `created_at`, `updated_at`) VALUES ('233', 'libero', '1', '42', 'aut', '2010-11-04 07:13:25', '1974-01-29 05:07:55');
INSERT INTO `documents` (`id`, `name`, `document_type`, `company_id`, `file_path`, `created_at`, `updated_at`) VALUES ('234', 'earum', '3', '13', 'ut', '1984-08-06 22:00:16', '2015-01-29 06:21:39');
INSERT INTO `documents` (`id`, `name`, `document_type`, `company_id`, `file_path`, `created_at`, `updated_at`) VALUES ('235', 'ea', '3', '10', 'eligendi', '2016-08-20 01:41:48', '1992-09-07 15:34:56');
INSERT INTO `documents` (`id`, `name`, `document_type`, `company_id`, `file_path`, `created_at`, `updated_at`) VALUES ('236', 'harum', '1', '6', 'tempora', '1998-08-20 06:02:01', '1991-08-22 23:33:57');
INSERT INTO `documents` (`id`, `name`, `document_type`, `company_id`, `file_path`, `created_at`, `updated_at`) VALUES ('237', 'eos', '1', '29', 'enim', '1989-10-10 17:01:35', '1999-11-11 20:53:07');
INSERT INTO `documents` (`id`, `name`, `document_type`, `company_id`, `file_path`, `created_at`, `updated_at`) VALUES ('238', 'reiciendis', '2', '36', 'laboriosam', '2015-01-02 03:39:55', '2020-03-03 14:17:54');
INSERT INTO `documents` (`id`, `name`, `document_type`, `company_id`, `file_path`, `created_at`, `updated_at`) VALUES ('239', 'est', '1', '19', 'impedit', '2020-07-24 14:25:35', '2001-01-02 13:02:21');
INSERT INTO `documents` (`id`, `name`, `document_type`, `company_id`, `file_path`, `created_at`, `updated_at`) VALUES ('240', 'occaecati', '2', '7', 'ex', '1992-04-09 05:14:11', '1979-09-10 14:22:11');
INSERT INTO `documents` (`id`, `name`, `document_type`, `company_id`, `file_path`, `created_at`, `updated_at`) VALUES ('241', 'qui', '3', '10', 'quos', '2020-05-11 12:09:59', '2020-07-02 08:37:57');
INSERT INTO `documents` (`id`, `name`, `document_type`, `company_id`, `file_path`, `created_at`, `updated_at`) VALUES ('242', 'dolor', '2', '33', 'quia', '2015-01-12 14:21:07', '2020-07-26 18:50:14');
INSERT INTO `documents` (`id`, `name`, `document_type`, `company_id`, `file_path`, `created_at`, `updated_at`) VALUES ('243', 'ipsa', '2', '30', 'rerum', '1988-09-19 11:31:59', '1973-05-12 05:41:49');
INSERT INTO `documents` (`id`, `name`, `document_type`, `company_id`, `file_path`, `created_at`, `updated_at`) VALUES ('244', 'sint', '3', '31', 'impedit', '2013-07-25 06:08:37', '1980-11-10 03:08:06');
INSERT INTO `documents` (`id`, `name`, `document_type`, `company_id`, `file_path`, `created_at`, `updated_at`) VALUES ('245', 'et', '3', '2', 'placeat', '1997-10-21 04:35:05', '1983-12-15 22:33:01');
INSERT INTO `documents` (`id`, `name`, `document_type`, `company_id`, `file_path`, `created_at`, `updated_at`) VALUES ('246', 'autem', '1', '39', 'incidunt', '1999-10-13 06:27:50', '2000-05-04 07:26:51');
INSERT INTO `documents` (`id`, `name`, `document_type`, `company_id`, `file_path`, `created_at`, `updated_at`) VALUES ('247', 'repellendus', '2', '9', 'ut', '1990-10-16 09:33:28', '1978-05-01 09:32:46');
INSERT INTO `documents` (`id`, `name`, `document_type`, `company_id`, `file_path`, `created_at`, `updated_at`) VALUES ('248', 'delectus', '3', '40', 'sed', '1994-11-18 00:54:46', '2004-10-21 20:52:22');
INSERT INTO `documents` (`id`, `name`, `document_type`, `company_id`, `file_path`, `created_at`, `updated_at`) VALUES ('249', 'incidunt', '1', '37', 'facere', '1979-12-27 13:21:48', '1978-04-04 15:16:27');
INSERT INTO `documents` (`id`, `name`, `document_type`, `company_id`, `file_path`, `created_at`, `updated_at`) VALUES ('250', 'et', '1', '38', 'et', '1990-08-24 11:30:59', '2012-05-01 10:37:37');

INSERT INTO `product` (`id`, `name`, `company_id`, `url`, `description`, `created_at`, `updated_at`) VALUES ('1', 'necessitatibus', '2', 'rogahnokon.com', 'Et corrupti ducimus et. Et optio aut ut. Et ad fuga qui.', '1977-01-20 10:06:11', '1988-08-24 11:39:00');
INSERT INTO `product` (`id`, `name`, `company_id`, `url`, `description`, `created_at`, `updated_at`) VALUES ('2', 'occaecati', '2', 'corkery.org', 'Ex ex voluptatem et ullam cum nesciunt praesentium. Nemo aspernatur omnis nulla atque. Eligendi et repudiandae animi rerum consectetur voluptates.', '2006-12-27 09:33:09', '2000-12-18 20:51:41');
INSERT INTO `product` (`id`, `name`, `company_id`, `url`, `description`, `created_at`, `updated_at`) VALUES ('3', 'ullam', '33', 'hermann.com', 'Voluptas voluptatem eos vel sit sit. Velit dolor enim et est incidunt enim sit. Aut sit tempore alias deserunt et dolores.', '1990-07-22 03:35:12', '1984-08-04 02:44:15');
INSERT INTO `product` (`id`, `name`, `company_id`, `url`, `description`, `created_at`, `updated_at`) VALUES ('4', 'voluptatem', '31', 'ernserspinka.com', 'Nobis dolorum enim animi ducimus eos dolor reprehenderit quis. Qui dolor ut laudantium animi ratione. Voluptates omnis voluptatem aut voluptatibus necessitatibus.', '2000-01-27 11:36:19', '2016-07-30 12:17:06');
INSERT INTO `product` (`id`, `name`, `company_id`, `url`, `description`, `created_at`, `updated_at`) VALUES ('5', 'earum', '2', 'gaylordernser.org', 'Sunt nulla nihil et eum qui ut impedit accusantium. Hic omnis id assumenda possimus nam eius ut. Corporis aut mollitia unde iure amet. Unde et voluptate at aut perferendis fugit qui.', '2001-04-11 12:14:36', '2003-12-15 10:02:32');
INSERT INTO `product` (`id`, `name`, `company_id`, `url`, `description`, `created_at`, `updated_at`) VALUES ('6', 'sint', '12', 'rau.com', 'Aliquam laboriosam iure sequi laudantium laborum itaque. Quis quisquam aut amet eveniet earum. Beatae recusandae qui dolores eligendi facere deserunt.', '1992-09-29 13:18:37', '1978-12-17 22:05:40');
INSERT INTO `product` (`id`, `name`, `company_id`, `url`, `description`, `created_at`, `updated_at`) VALUES ('7', 'architecto', '49', 'marks.com', 'Voluptatem et est debitis incidunt voluptatibus. Tenetur voluptatum adipisci ea eveniet ab recusandae accusamus est. Quia dolor est neque occaecati dolor. Est beatae minima dolores est id quia nisi.', '1989-08-29 05:24:19', '2008-07-29 09:50:49');
INSERT INTO `product` (`id`, `name`, `company_id`, `url`, `description`, `created_at`, `updated_at`) VALUES ('8', 'hic', '2', 'kunde.com', 'Non ad quis vel impedit reiciendis saepe officia. Non est eum est placeat pariatur quia. Vel est aperiam aspernatur esse sed. Quod culpa ipsum consequatur quod.', '1972-02-01 17:32:39', '1986-06-30 05:54:19');
INSERT INTO `product` (`id`, `name`, `company_id`, `url`, `description`, `created_at`, `updated_at`) VALUES ('9', 'est', '24', 'smithsipes.org', 'At fugit neque dolor fugiat. Dignissimos tempora numquam omnis a. Quia molestiae porro blanditiis cumque placeat.', '2003-04-19 08:16:40', '2010-11-17 12:58:08');
INSERT INTO `product` (`id`, `name`, `company_id`, `url`, `description`, `created_at`, `updated_at`) VALUES ('10', 'ex', '3', 'gerhold.com', 'Nam quod facere eveniet distinctio autem. Consequatur eum id eum architecto. Blanditiis mollitia autem dicta eligendi. Commodi modi itaque expedita.', '1990-01-20 01:02:23', '2005-05-09 03:48:52');
INSERT INTO `product` (`id`, `name`, `company_id`, `url`, `description`, `created_at`, `updated_at`) VALUES ('11', 'exercitationem', '47', 'gorczanyhermann.net', 'Labore doloribus et totam illo. Consequatur eum excepturi doloremque rem voluptatibus sint. Placeat totam et et qui at ratione. Tempora debitis porro aperiam dolores est placeat.', '1994-02-01 09:39:27', '2002-12-21 16:10:07');
INSERT INTO `product` (`id`, `name`, `company_id`, `url`, `description`, `created_at`, `updated_at`) VALUES ('12', 'numquam', '36', 'collinshegmann.com', 'Repudiandae aut magni voluptas assumenda voluptates. Iusto consequuntur qui quae. Explicabo sed dolor voluptatem odio. Rem ipsam ea quia qui quam aut aspernatur quod. Magnam distinctio sunt quis id explicabo.', '2001-01-18 07:58:49', '1988-11-19 12:29:05');
INSERT INTO `product` (`id`, `name`, `company_id`, `url`, `description`, `created_at`, `updated_at`) VALUES ('13', 'ut', '30', 'schmidt.com', 'Dolores consequatur esse similique sed. Quaerat inventore ea dignissimos fugiat explicabo modi. Aspernatur velit pariatur adipisci similique. Sunt consequuntur sed sapiente repellendus magni quia sunt quidem.', '2018-12-09 09:21:28', '1994-03-28 16:57:10');
INSERT INTO `product` (`id`, `name`, `company_id`, `url`, `description`, `created_at`, `updated_at`) VALUES ('14', 'recusandae', '17', 'jerde.com', 'Non laboriosam quasi beatae deserunt aut. Dignissimos sint aut tempora voluptas nisi cumque velit. Nam nostrum quis et omnis corrupti id itaque. Illo dolorem rerum sit aut voluptatem.', '1998-12-28 04:51:22', '1995-12-23 16:41:26');
INSERT INTO `product` (`id`, `name`, `company_id`, `url`, `description`, `created_at`, `updated_at`) VALUES ('15', 'perspiciatis', '48', 'oconnerschmitt.com', 'In molestiae architecto quia ipsam quia ducimus provident vero. Quidem rem neque expedita doloribus magnam quia laudantium placeat. Aut repellendus nemo dolore temporibus eveniet doloremque nihil. In aperiam ullam consectetur.', '1982-04-28 12:09:09', '1975-01-28 04:35:47');
INSERT INTO `product` (`id`, `name`, `company_id`, `url`, `description`, `created_at`, `updated_at`) VALUES ('16', 'consequatur', '23', 'bogisichpaucek.org', 'Nemo odio incidunt voluptas dolor totam eius recusandae est. Illum soluta eveniet voluptatum et. Neque dignissimos et soluta ut dolor commodi nam numquam.', '1978-03-04 00:12:55', '2019-08-21 04:34:15');
INSERT INTO `product` (`id`, `name`, `company_id`, `url`, `description`, `created_at`, `updated_at`) VALUES ('17', 'aut', '50', 'lynch.info', 'Sint atque dolorum dolores alias dolorem. Ad totam ut nesciunt magni. Numquam laboriosam ut aut corporis.', '1982-06-18 07:11:59', '1981-07-27 20:14:47');
INSERT INTO `product` (`id`, `name`, `company_id`, `url`, `description`, `created_at`, `updated_at`) VALUES ('18', 'nihil', '6', 'brekkebayer.com', 'Labore dolorum et iure perspiciatis magni est vitae. Repudiandae dolor qui ducimus excepturi. Hic praesentium aut neque in et. Enim deserunt sapiente quia asperiores.', '1977-05-25 09:41:11', '1980-01-08 02:22:22');
INSERT INTO `product` (`id`, `name`, `company_id`, `url`, `description`, `created_at`, `updated_at`) VALUES ('19', 'sit', '9', 'volkmanreichert.info', 'Cumque sunt impedit quia. Quasi dolorum qui assumenda laudantium facilis rerum et. Aut est voluptatum provident neque.', '1989-08-28 17:59:16', '1980-05-19 18:39:53');
INSERT INTO `product` (`id`, `name`, `company_id`, `url`, `description`, `created_at`, `updated_at`) VALUES ('20', 'nulla', '28', 'bechtelar.biz', 'Quia distinctio sit labore distinctio sint dolore enim. Labore itaque ducimus et consequuntur eveniet ut provident. Expedita fugiat voluptatum distinctio.', '2017-01-10 15:07:46', '1973-04-20 10:14:30');
INSERT INTO `product` (`id`, `name`, `company_id`, `url`, `description`, `created_at`, `updated_at`) VALUES ('21', 'consectetur', '35', 'towne.net', 'Quis omnis sunt earum et rerum quasi impedit. Minus qui ex quis est ipsa quibusdam in. Provident cumque inventore quia consequatur in optio facere. Excepturi earum magnam laboriosam tempora.', '2004-10-15 21:50:26', '1991-10-09 16:00:37');
INSERT INTO `product` (`id`, `name`, `company_id`, `url`, `description`, `created_at`, `updated_at`) VALUES ('22', 'iste', '17', 'hyatt.com', 'Ipsum quibusdam qui eum non labore veritatis. Aut facilis qui aspernatur consequatur tenetur at. Saepe nesciunt inventore inventore molestiae modi quae numquam. Numquam aperiam quasi et quia eveniet nemo vel.', '2012-11-29 19:09:49', '1993-03-11 04:39:29');
INSERT INTO `product` (`id`, `name`, `company_id`, `url`, `description`, `created_at`, `updated_at`) VALUES ('23', 'debitis', '25', 'bruen.com', 'Facere totam modi voluptas magnam. Sunt voluptatem sed laudantium sint autem sequi laborum ipsa. Et voluptatem temporibus voluptatem fugiat.', '1986-06-10 04:14:01', '2019-06-30 11:10:41');
INSERT INTO `product` (`id`, `name`, `company_id`, `url`, `description`, `created_at`, `updated_at`) VALUES ('24', 'sunt', '18', 'westdaugherty.net', 'Itaque ea voluptatibus nemo dolorem est nulla. Recusandae dolore eos officia in omnis harum deserunt. Accusamus pariatur fugiat eaque mollitia sequi accusantium. Incidunt molestiae eos dignissimos repellat a voluptatem et. Error eligendi qui dolor exceptu', '2011-06-11 16:28:58', '1976-06-25 21:09:45');
INSERT INTO `product` (`id`, `name`, `company_id`, `url`, `description`, `created_at`, `updated_at`) VALUES ('25', 'officiis', '16', 'kreiger.com', 'Modi ullam delectus culpa. At sapiente ullam perspiciatis nesciunt magni et dolorum amet. Vel nostrum maxime pariatur ratione perspiciatis expedita explicabo hic.', '1991-12-15 07:53:21', '1985-09-30 17:18:20');
INSERT INTO `product` (`id`, `name`, `company_id`, `url`, `description`, `created_at`, `updated_at`) VALUES ('26', 'nam', '23', 'mckenziereinger.com', 'Ex ullam quo in odio distinctio. Aliquid quaerat soluta nihil et tenetur. Possimus et totam quia nulla.', '1985-02-22 18:31:42', '1974-08-11 14:22:16');
INSERT INTO `product` (`id`, `name`, `company_id`, `url`, `description`, `created_at`, `updated_at`) VALUES ('27', 'explicabo', '37', 'vandervortorn.com', 'Nihil dolorem possimus beatae est ducimus perferendis eum. Quia vero magnam natus in quasi fuga accusantium voluptatem.', '1996-12-19 03:23:58', '1989-06-10 13:21:42');
INSERT INTO `product` (`id`, `name`, `company_id`, `url`, `description`, `created_at`, `updated_at`) VALUES ('28', 'vero', '38', 'rowefritsch.com', 'Voluptas cum autem voluptas fuga. Labore magni quo nobis quis voluptas at minus excepturi. Numquam aut sit ea hic enim voluptas sit labore.', '2003-04-15 07:09:21', '1992-02-12 22:28:23');
INSERT INTO `product` (`id`, `name`, `company_id`, `url`, `description`, `created_at`, `updated_at`) VALUES ('29', 'enim', '27', 'tillmangrimes.com', 'Voluptas inventore rerum consequatur et. Et officiis iste sit saepe. Quidem ratione tempore laboriosam.', '1978-09-11 15:52:24', '2007-09-09 07:04:46');
INSERT INTO `product` (`id`, `name`, `company_id`, `url`, `description`, `created_at`, `updated_at`) VALUES ('30', 'ipsa', '29', 'barrows.org', 'Similique voluptas nostrum maiores vero beatae. Ex dolor dolorum et repudiandae. Vel facere sed magni.', '1990-04-08 03:28:13', '1999-07-13 06:07:59');
INSERT INTO `product` (`id`, `name`, `company_id`, `url`, `description`, `created_at`, `updated_at`) VALUES ('31', 'odit', '20', 'fritschprice.com', 'Non et ut incidunt maxime. Quae non ex eius itaque harum quia enim. Vitae libero delectus dolor doloribus voluptas omnis. Velit omnis labore aliquam ut hic.', '2011-07-01 00:45:19', '1991-11-14 06:03:10');
INSERT INTO `product` (`id`, `name`, `company_id`, `url`, `description`, `created_at`, `updated_at`) VALUES ('32', 'quae', '29', 'mcclure.com', 'Nihil excepturi qui quae blanditiis. Molestiae molestiae minus libero. Ea quibusdam sapiente dolorem ipsum modi. Veniam corporis fuga rem soluta quasi et.', '2016-08-18 10:54:58', '1993-02-06 21:26:21');
INSERT INTO `product` (`id`, `name`, `company_id`, `url`, `description`, `created_at`, `updated_at`) VALUES ('33', 'quaerat', '30', 'koeppmonahan.com', 'Hic quae dolores sit libero a labore vitae. Quis cupiditate possimus natus inventore eligendi similique reiciendis. Assumenda fugit deserunt beatae explicabo consequuntur aperiam cumque inventore.', '2011-07-20 10:51:43', '1981-10-31 14:10:53');
INSERT INTO `product` (`id`, `name`, `company_id`, `url`, `description`, `created_at`, `updated_at`) VALUES ('34', 'dolores', '3', 'armstrong.net', 'Ea quae incidunt fugit quisquam repellat corporis sit. Inventore earum voluptas eveniet dolores sit nisi totam. Fuga non voluptatem eos et ullam voluptatibus. Adipisci alias eum minus et minus magnam.', '1993-02-15 11:05:18', '2021-04-27 19:32:38');
INSERT INTO `product` (`id`, `name`, `company_id`, `url`, `description`, `created_at`, `updated_at`) VALUES ('35', 'eaque', '9', 'spinka.com', 'Molestiae veritatis autem voluptatem veritatis aspernatur similique earum. Quasi ad dolores iste sint in ut. Dolorum eum sit nihil quo.', '2011-01-12 22:52:29', '1991-10-12 23:51:00');
INSERT INTO `product` (`id`, `name`, `company_id`, `url`, `description`, `created_at`, `updated_at`) VALUES ('36', 'adipisci', '32', 'ebert.org', 'Error voluptatem explicabo distinctio iusto. Tenetur mollitia dolor aut explicabo ab. Voluptatem ullam dolores voluptas molestiae quidem.', '1988-06-19 09:08:26', '2015-02-04 14:56:44');
INSERT INTO `product` (`id`, `name`, `company_id`, `url`, `description`, `created_at`, `updated_at`) VALUES ('37', 'neque', '14', 'aufderharfeest.com', 'Optio quas tempore dolorem nisi. Eaque et et iure animi. Ut aspernatur omnis iure alias. Recusandae et ex est consequatur.', '1977-01-27 18:11:18', '1998-10-05 09:07:28');
INSERT INTO `product` (`id`, `name`, `company_id`, `url`, `description`, `created_at`, `updated_at`) VALUES ('38', 'error', '8', 'kovacekorn.com', 'Dolores dolorum fugit ratione magnam libero veritatis. Rem et et hic praesentium voluptas dicta et. Facere cupiditate reprehenderit facilis recusandae. Sapiente omnis excepturi doloribus est debitis voluptate corrupti.', '1984-10-15 01:38:54', '1976-08-13 18:42:07');
INSERT INTO `product` (`id`, `name`, `company_id`, `url`, `description`, `created_at`, `updated_at`) VALUES ('39', 'accusantium', '34', 'schaden.com', 'Adipisci qui ab qui est sit fuga quod cumque. Ipsam explicabo porro laudantium adipisci. Suscipit placeat molestias illum est quaerat quidem suscipit. Mollitia blanditiis laudantium autem vel consequatur.', '2002-10-18 09:40:41', '2016-06-17 22:10:08');
INSERT INTO `product` (`id`, `name`, `company_id`, `url`, `description`, `created_at`, `updated_at`) VALUES ('40', 'excepturi', '37', 'toyrippin.biz', 'Sunt laudantium occaecati porro et. Placeat amet dolorem consectetur vel blanditiis dignissimos. Commodi possimus quam impedit eum voluptas eaque atque.', '2006-01-15 13:15:41', '1981-01-09 10:23:17');
INSERT INTO `product` (`id`, `name`, `company_id`, `url`, `description`, `created_at`, `updated_at`) VALUES ('41', 'a', '10', 'wintheiser.com', 'Incidunt est harum et eos adipisci repellendus voluptates itaque. Temporibus et perspiciatis aut nisi consectetur nulla dolor sit. Debitis error consequatur dolorum libero ex delectus. Nobis sed aut non rerum ea. Culpa beatae aliquam et suscipit et.', '1986-10-23 11:28:56', '2006-04-02 16:59:10');
INSERT INTO `product` (`id`, `name`, `company_id`, `url`, `description`, `created_at`, `updated_at`) VALUES ('42', 'voluptates', '31', 'ratke.com', 'Debitis odio aut natus rerum perspiciatis blanditiis. Aspernatur ut libero explicabo commodi facere qui quas et. Omnis voluptate ea officia libero.', '2018-12-13 11:08:38', '2017-11-25 17:12:50');
INSERT INTO `product` (`id`, `name`, `company_id`, `url`, `description`, `created_at`, `updated_at`) VALUES ('43', 'id', '23', 'block.com', 'Et id tenetur sit culpa occaecati voluptatem ad. Praesentium blanditiis repellat ipsa est.', '1973-02-13 02:04:10', '2013-10-19 10:23:43');
INSERT INTO `product` (`id`, `name`, `company_id`, `url`, `description`, `created_at`, `updated_at`) VALUES ('44', 'impedit', '40', 'lind.net', 'Cum tempore consectetur at officiis. Modi animi perspiciatis soluta et delectus corrupti molestiae. Et rerum et explicabo mollitia.', '1970-03-25 12:08:15', '2007-06-10 17:06:34');
INSERT INTO `product` (`id`, `name`, `company_id`, `url`, `description`, `created_at`, `updated_at`) VALUES ('45', 'suscipit', '47', 'kingbailey.com', 'Ut laudantium quis sed distinctio quis deserunt repellendus. Reprehenderit autem aut rerum odio et asperiores. Quia et maiores delectus dolorem cumque minima.', '1996-01-18 01:54:56', '1980-05-09 07:29:15');
INSERT INTO `product` (`id`, `name`, `company_id`, `url`, `description`, `created_at`, `updated_at`) VALUES ('46', 'vel', '20', 'walter.com', 'Et ab quasi aliquid. Quia voluptatem et ipsum nesciunt. Et quod optio explicabo voluptatem. Est in molestias qui eius architecto.', '2018-09-15 00:27:53', '2012-05-23 02:01:26');
INSERT INTO `product` (`id`, `name`, `company_id`, `url`, `description`, `created_at`, `updated_at`) VALUES ('47', 'ea', '12', 'kutchkilback.com', 'Voluptatem aut omnis ratione labore illo excepturi consequatur et. Id voluptas doloremque pariatur quibusdam rem possimus. Consequatur velit natus corporis placeat esse.', '1993-07-20 23:06:56', '1974-07-08 04:48:39');
INSERT INTO `product` (`id`, `name`, `company_id`, `url`, `description`, `created_at`, `updated_at`) VALUES ('48', 'reprehenderit', '47', 'stiedemann.com', 'Aut ea sapiente cum dolor. Modi qui perspiciatis laudantium quia rerum dolores.', '1982-07-22 06:19:42', '2007-12-18 22:10:50');
INSERT INTO `product` (`id`, `name`, `company_id`, `url`, `description`, `created_at`, `updated_at`) VALUES ('49', 'voluptatibus', '25', 'johns.com', 'Vel vero dolorem iste libero tempora. Molestias distinctio asperiores omnis. Fugit ad maxime sapiente iste eos laboriosam vel. Aut illo aut odit expedita sit.', '1984-03-14 22:58:56', '1997-07-29 18:44:20');
INSERT INTO `product` (`id`, `name`, `company_id`, `url`, `description`, `created_at`, `updated_at`) VALUES ('50', 'officia', '20', 'johns.com', 'Doloremque non assumenda deleniti commodi assumenda et. Beatae optio facere laudantium dolor mollitia ipsum. Et quibusdam maiores libero doloribus doloremque ut.', '2005-07-07 12:43:49', '2004-11-06 04:03:57');
INSERT INTO `product` (`id`, `name`, `company_id`, `url`, `description`, `created_at`, `updated_at`) VALUES ('51', 'quidem', '25', 'runolfsdottirkirlin.com', 'Maxime voluptatem quidem rem et enim distinctio. Iusto nisi perspiciatis eius repudiandae fugiat. Laboriosam rem qui odit numquam rem harum. Corporis error consequatur consequuntur cumque nihil recusandae repellat. Dolores minima dolorem cum beatae a.', '2000-12-07 22:34:06', '1975-02-22 11:54:39');
INSERT INTO `product` (`id`, `name`, `company_id`, `url`, `description`, `created_at`, `updated_at`) VALUES ('52', 'molestias', '9', 'shieldswilkinson.com', 'Repellendus magnam amet dolores nulla itaque. Alias est reprehenderit qui. Magni nihil ratione dolores quaerat optio ab.', '1971-10-20 05:43:52', '1974-04-25 21:26:15');
INSERT INTO `product` (`id`, `name`, `company_id`, `url`, `description`, `created_at`, `updated_at`) VALUES ('53', 'reiciendis', '37', 'stantonwisozk.org', 'Mollitia sunt dolorem accusantium ex officia id. Perferendis quidem et perspiciatis laboriosam expedita ut. Quasi nobis quos odio debitis consectetur.', '2015-04-25 19:18:07', '1985-11-04 08:28:22');
INSERT INTO `product` (`id`, `name`, `company_id`, `url`, `description`, `created_at`, `updated_at`) VALUES ('54', 'nisi', '49', 'kozeybogan.com', 'Omnis rerum corporis delectus molestiae minus. Soluta dolorem dolor est et. Est est omnis qui et dolore.', '1991-11-06 07:06:24', '2014-05-28 16:09:04');
INSERT INTO `product` (`id`, `name`, `company_id`, `url`, `description`, `created_at`, `updated_at`) VALUES ('55', 'repellendus', '27', 'moore.net', 'Eaque ut placeat quia eos eligendi ipsum deleniti. Eos est cumque corporis magni. Sed quia a dolorum eos.', '1990-08-12 01:41:55', '2020-12-27 01:27:15');
INSERT INTO `product` (`id`, `name`, `company_id`, `url`, `description`, `created_at`, `updated_at`) VALUES ('56', 'corrupti', '2', 'greenfelder.org', 'Voluptates voluptate id tempore perspiciatis. Quos ab quae sint sit omnis dolorem. Nihil dolor voluptatem in ut dolor rerum.', '2014-12-06 19:53:03', '2007-03-15 10:27:31');
INSERT INTO `product` (`id`, `name`, `company_id`, `url`, `description`, `created_at`, `updated_at`) VALUES ('57', 'omnis', '21', 'pagac.com', 'Animi libero voluptate sit. Et qui perferendis voluptates ratione quia.', '2006-05-25 05:08:05', '2012-05-31 22:08:40');
INSERT INTO `product` (`id`, `name`, `company_id`, `url`, `description`, `created_at`, `updated_at`) VALUES ('58', 'laborum', '13', 'ritchie.com', 'Distinctio sed optio rerum pariatur. Est quia quidem perspiciatis non sapiente corrupti dolorum.', '2014-06-03 21:21:13', '1982-02-13 16:35:32');
INSERT INTO `product` (`id`, `name`, `company_id`, `url`, `description`, `created_at`, `updated_at`) VALUES ('59', 'consequuntur', '40', 'senger.org', 'Ex voluptatem atque at vero nam dolorem. Voluptas nesciunt ut dolore cumque facere. Dolor vero officiis esse accusamus dolor ea quam. Corrupti ut excepturi est harum sit commodi omnis.', '1998-11-02 11:42:50', '1986-08-28 05:41:30');
INSERT INTO `product` (`id`, `name`, `company_id`, `url`, `description`, `created_at`, `updated_at`) VALUES ('60', 'dolorum', '48', 'lynch.com', 'Incidunt qui quaerat adipisci quo. Facilis omnis sit eius. Incidunt saepe consequuntur laboriosam quasi.', '1992-03-19 12:24:55', '1985-08-22 21:08:24');
INSERT INTO `product` (`id`, `name`, `company_id`, `url`, `description`, `created_at`, `updated_at`) VALUES ('61', 'alias', '42', 'torp.com', 'Occaecati modi quo dolorem qui qui aut molestias. Ut quos voluptas natus facilis voluptas animi. Quo qui sit quae.', '2010-11-29 03:57:08', '1992-10-18 03:14:15');
INSERT INTO `product` (`id`, `name`, `company_id`, `url`, `description`, `created_at`, `updated_at`) VALUES ('62', 'aliquam', '10', 'kemmer.com', 'Quis quis nihil nam dolores. Ipsam enim cum aliquid voluptatem optio quos fugit. Eligendi ad enim recusandae facere qui est rerum. Dolores saepe et aut.', '2004-07-30 01:55:52', '1995-01-19 07:50:26');
INSERT INTO `product` (`id`, `name`, `company_id`, `url`, `description`, `created_at`, `updated_at`) VALUES ('63', 'voluptate', '26', 'ziemann.com', 'Modi ut cumque qui est eos. Labore optio et et placeat. Voluptas ut officia iusto et neque nulla. Et qui commodi animi.', '1970-05-29 16:16:03', '1985-09-24 00:29:58');
INSERT INTO `product` (`id`, `name`, `company_id`, `url`, `description`, `created_at`, `updated_at`) VALUES ('64', 'minima', '22', 'cummeratafahey.net', 'Cumque fuga ut officiis aut dolores in. Magni nulla voluptatem error rerum voluptas eos cumque. Dignissimos et nam quo in. Alias tenetur consectetur omnis dolorum velit est.', '2011-11-09 15:56:43', '1974-11-13 05:45:12');
INSERT INTO `product` (`id`, `name`, `company_id`, `url`, `description`, `created_at`, `updated_at`) VALUES ('65', 'incidunt', '12', 'purdywatsica.info', 'Consequatur et nam voluptas occaecati excepturi. Voluptatum dolor recusandae corporis amet. Voluptatum doloribus quos facere cum ut ad aliquam.', '2015-06-10 06:40:52', '2010-12-31 02:30:13');
INSERT INTO `product` (`id`, `name`, `company_id`, `url`, `description`, `created_at`, `updated_at`) VALUES ('66', 'et', '34', 'bernier.com', 'Voluptas non et consequuntur id. Sint ipsam voluptas quia.', '1986-07-28 02:11:59', '2020-10-02 08:28:40');
INSERT INTO `product` (`id`, `name`, `company_id`, `url`, `description`, `created_at`, `updated_at`) VALUES ('67', 'soluta', '4', 'runolfsdottir.com', 'Cum suscipit quae corporis sit quae quis. Nihil dolore dignissimos quia.', '2015-09-25 23:19:09', '2008-10-12 19:42:35');
INSERT INTO `product` (`id`, `name`, `company_id`, `url`, `description`, `created_at`, `updated_at`) VALUES ('68', 'in', '26', 'von.com', 'Dignissimos voluptatem blanditiis quam in quo quam. Suscipit consequuntur ducimus magnam officiis ducimus. Similique voluptatum eaque nihil laboriosam non.', '1990-05-30 06:28:40', '2020-03-19 09:53:30');
INSERT INTO `product` (`id`, `name`, `company_id`, `url`, `description`, `created_at`, `updated_at`) VALUES ('69', 'maiores', '42', 'schneidercollins.com', 'Eligendi velit vel porro sit numquam distinctio velit porro. Minima dolorem ducimus voluptatem consequuntur sint architecto. Et dolor rem eveniet ab amet vitae.', '1971-11-07 22:09:00', '1996-02-27 01:39:42');
INSERT INTO `product` (`id`, `name`, `company_id`, `url`, `description`, `created_at`, `updated_at`) VALUES ('70', 'repellat', '37', 'bauchbarton.com', 'Earum harum porro pariatur iste vel qui minima. Quibusdam quidem consequatur odio nesciunt consequatur voluptatem et. Est voluptas voluptatem inventore veniam. Quia necessitatibus iste autem.', '2007-06-26 17:41:37', '1985-03-02 21:02:28');
INSERT INTO `product` (`id`, `name`, `company_id`, `url`, `description`, `created_at`, `updated_at`) VALUES ('71', 'quis', '12', 'terrykuphal.com', 'Praesentium voluptas in assumenda laudantium aut corrupti omnis. Eius architecto esse tenetur itaque id cum. Exercitationem quae et deserunt.', '1972-08-02 17:07:03', '1976-01-24 22:05:02');
INSERT INTO `product` (`id`, `name`, `company_id`, `url`, `description`, `created_at`, `updated_at`) VALUES ('72', 'inventore', '2', 'harvey.biz', 'Ratione ut praesentium praesentium natus. Mollitia quo id iusto corporis magni nulla officia. Fugit incidunt tempore maxime aliquid et repellendus debitis.', '1974-03-28 02:42:50', '1999-10-18 03:22:24');
INSERT INTO `product` (`id`, `name`, `company_id`, `url`, `description`, `created_at`, `updated_at`) VALUES ('73', 'quam', '18', 'zemlak.com', 'Ea debitis minus velit quis beatae non. Perspiciatis et sequi sit autem dolorem sint. Voluptatem aspernatur dolor fugiat fugit neque. Nisi magni hic sint temporibus qui reiciendis.', '1988-03-12 13:41:53', '2008-05-23 06:35:38');
INSERT INTO `product` (`id`, `name`, `company_id`, `url`, `description`, `created_at`, `updated_at`) VALUES ('74', 'similique', '35', 'langoshstrosin.com', 'Veritatis nostrum et aut qui. Quos ut tempora aut quia. Officia nemo et consectetur neque est. Consequatur nostrum iusto et mollitia animi aut.', '2000-10-17 01:43:11', '2012-06-29 17:35:50');
INSERT INTO `product` (`id`, `name`, `company_id`, `url`, `description`, `created_at`, `updated_at`) VALUES ('75', 'accusamus', '41', 'davis.com', 'Error voluptatem laborum saepe quidem perspiciatis. Commodi cumque quod doloremque possimus nisi distinctio aperiam. Officiis aliquid non natus error et autem consequuntur temporibus.', '2002-07-25 21:14:19', '1982-08-22 10:31:13');
INSERT INTO `product` (`id`, `name`, `company_id`, `url`, `description`, `created_at`, `updated_at`) VALUES ('76', 'doloribus', '15', 'kihn.com', 'Ut reiciendis qui quos quaerat. Temporibus sapiente et vel qui at ea provident eos.', '1971-07-29 05:57:43', '2020-02-27 09:46:01');
INSERT INTO `product` (`id`, `name`, `company_id`, `url`, `description`, `created_at`, `updated_at`) VALUES ('77', 'sed', '4', 'rolfsonkutch.com', 'Ipsum earum quis et dignissimos ratione perferendis dolorum. Quia debitis numquam rerum ad. Ut quia perferendis ex molestiae repudiandae dolorem aut. Quis molestias quia error quibusdam quia.', '1999-03-15 03:40:05', '2017-04-01 19:55:16');
INSERT INTO `product` (`id`, `name`, `company_id`, `url`, `description`, `created_at`, `updated_at`) VALUES ('78', 'asperiores', '2', 'lakin.com', 'Est ea culpa laborum consectetur in ut. Itaque cum ab aliquid id enim. Molestias nihil minus amet quod consectetur.', '1988-01-12 06:32:31', '1996-02-08 05:10:01');
INSERT INTO `product` (`id`, `name`, `company_id`, `url`, `description`, `created_at`, `updated_at`) VALUES ('79', 'possimus', '12', 'carter.net', 'Qui et quia vero fuga rerum voluptas. Eveniet expedita a enim et. Sit rem accusantium eos laudantium.', '2010-08-08 21:23:21', '1987-09-04 17:53:33');
INSERT INTO `product` (`id`, `name`, `company_id`, `url`, `description`, `created_at`, `updated_at`) VALUES ('80', 'harum', '29', 'moenboyle.org', 'Mollitia nulla eveniet labore natus et. Aut voluptatum autem in soluta fuga aperiam eius. Totam omnis laboriosam voluptas reprehenderit alias ipsa.', '1988-02-29 16:32:11', '2006-10-21 09:42:25');
INSERT INTO `product` (`id`, `name`, `company_id`, `url`, `description`, `created_at`, `updated_at`) VALUES ('81', 'quia', '22', 'gislason.com', 'Ex blanditiis et qui sint dolores dolores sequi. Perspiciatis rerum alias ut id consequatur. Rerum dolorum iste cumque pariatur aliquam.', '1980-03-04 09:21:34', '1996-04-08 09:57:59');
INSERT INTO `product` (`id`, `name`, `company_id`, `url`, `description`, `created_at`, `updated_at`) VALUES ('82', 'doloremque', '36', 'hermannjaskolski.biz', 'Eos minus quo voluptate nam et. Est est est sint illum placeat beatae reprehenderit. Sed dolorum maxime beatae praesentium dolorem quae.', '2018-12-17 14:08:03', '1981-03-04 11:15:07');
INSERT INTO `product` (`id`, `name`, `company_id`, `url`, `description`, `created_at`, `updated_at`) VALUES ('83', 'modi', '38', 'davistoy.com', 'Cupiditate et reprehenderit occaecati dolor id nemo. Tenetur unde officiis praesentium maiores in et. Ea omnis recusandae alias neque. Culpa deleniti dolorem sed atque fuga hic dolore est.', '1999-02-18 13:16:52', '2009-03-21 22:17:22');
INSERT INTO `product` (`id`, `name`, `company_id`, `url`, `description`, `created_at`, `updated_at`) VALUES ('84', 'provident', '8', 'hills.com', 'Reiciendis inventore saepe ex eos. Rerum ipsam porro aut aspernatur aut accusamus aperiam. Sed nesciunt vel ratione nostrum quibusdam velit praesentium. Dolorem voluptatum excepturi animi molestiae enim vel.', '2008-07-20 11:33:22', '2009-05-28 13:42:56');
INSERT INTO `product` (`id`, `name`, `company_id`, `url`, `description`, `created_at`, `updated_at`) VALUES ('85', 'maxime', '34', 'ratke.net', 'Eligendi suscipit recusandae nobis autem optio nam error. Ut quasi quia distinctio quos. Dolorum et a aliquid fugiat sed.', '1982-09-18 21:50:29', '1974-08-10 21:24:39');
INSERT INTO `product` (`id`, `name`, `company_id`, `url`, `description`, `created_at`, `updated_at`) VALUES ('86', 'deleniti', '15', 'padberg.com', 'Fugit placeat accusantium sit qui. Expedita facere possimus repellendus perferendis et vel. Aut quia animi debitis.', '1990-10-19 00:02:05', '1989-03-25 20:30:15');
INSERT INTO `product` (`id`, `name`, `company_id`, `url`, `description`, `created_at`, `updated_at`) VALUES ('87', 'praesentium', '10', 'adamsnader.com', 'Et quia et aut tempore officia. Doloribus vero sed sint praesentium dolores. Cumque voluptate aut et. In maxime repellendus qui omnis.', '1990-05-12 14:20:06', '2016-10-16 02:06:48');
INSERT INTO `product` (`id`, `name`, `company_id`, `url`, `description`, `created_at`, `updated_at`) VALUES ('88', 'dolore', '5', 'stracke.biz', 'Provident facilis vel unde ipsam. Nihil maxime dolores quibusdam ducimus. Numquam sunt odio eum cupiditate dolor vel consequatur.', '2002-07-20 01:22:37', '1991-09-10 00:46:46');
INSERT INTO `product` (`id`, `name`, `company_id`, `url`, `description`, `created_at`, `updated_at`) VALUES ('89', 'quo', '28', 'simonisritchie.org', 'Pariatur suscipit nesciunt aliquam occaecati et ut aspernatur ut. Aperiam eaque quae sapiente nihil dolor at qui. Perferendis officia sed omnis vel accusantium vero. Illum consequatur in quaerat voluptatum quis molestias consectetur. Saepe dolorem archite', '1977-01-17 10:24:20', '1976-04-08 19:31:08');
INSERT INTO `product` (`id`, `name`, `company_id`, `url`, `description`, `created_at`, `updated_at`) VALUES ('90', 'iusto', '50', 'thompsoncremin.com', 'Dolore ut itaque voluptas dolor fugiat voluptate dolore. Laudantium voluptates explicabo culpa dicta. Iure libero at cumque. Voluptas aut tempora consequuntur.', '2004-06-27 19:17:53', '1988-11-10 06:43:39');
INSERT INTO `product` (`id`, `name`, `company_id`, `url`, `description`, `created_at`, `updated_at`) VALUES ('91', 'fugit', '2', 'parisian.info', 'Iure placeat voluptatibus pariatur. Est sit eius vel. Rem aut est eum.', '1993-06-05 17:21:51', '1995-03-26 19:49:03');
INSERT INTO `product` (`id`, `name`, `company_id`, `url`, `description`, `created_at`, `updated_at`) VALUES ('92', 'molestiae', '19', 'naderbayer.net', 'Dignissimos excepturi reiciendis est hic alias id nihil. Aut iusto sed alias quis voluptas sunt. Quas voluptas ea excepturi repudiandae praesentium.', '1982-01-06 19:16:12', '1986-01-14 17:39:54');
INSERT INTO `product` (`id`, `name`, `company_id`, `url`, `description`, `created_at`, `updated_at`) VALUES ('93', 'expedita', '9', 'stoltenberg.com', 'Eveniet quaerat ea perspiciatis facere dolor et nihil. Eum aut ut saepe facere nesciunt est. Qui accusantium cum nam consequatur accusantium. Voluptas sit aliquam itaque aut.', '2018-06-03 11:01:20', '1978-05-14 16:48:19');
INSERT INTO `product` (`id`, `name`, `company_id`, `url`, `description`, `created_at`, `updated_at`) VALUES ('94', 'commodi', '27', 'boylebosco.com', 'Voluptatem nam aliquid qui et. Eum doloremque odio rerum ex nisi commodi.', '2008-12-27 06:27:04', '1978-02-24 03:25:02');
INSERT INTO `product` (`id`, `name`, `company_id`, `url`, `description`, `created_at`, `updated_at`) VALUES ('95', 'non', '40', 'ryangrady.com', 'Veniam voluptates cum ab accusamus id. Maxime non aut illum fuga dignissimos doloribus. Odit enim sit quasi illo iste et amet voluptas.', '1985-10-30 03:19:31', '1981-06-24 13:15:31');
INSERT INTO `product` (`id`, `name`, `company_id`, `url`, `description`, `created_at`, `updated_at`) VALUES ('96', 'qui', '21', 'mills.net', 'Qui deserunt qui laborum enim. Rerum placeat velit quisquam quaerat et repellendus. Eum quae sit tenetur nihil. Voluptate voluptatem cupiditate ut quia possimus. Eos soluta omnis est fugiat aut dolorem officia.', '2017-09-06 17:12:04', '1983-12-10 09:55:13');
INSERT INTO `product` (`id`, `name`, `company_id`, `url`, `description`, `created_at`, `updated_at`) VALUES ('97', 'corporis', '11', 'hesselziemann.com', 'Repudiandae quos qui pariatur autem. Totam ab labore enim error rerum unde qui et.', '2002-06-11 20:03:57', '1984-09-27 00:09:33');
INSERT INTO `product` (`id`, `name`, `company_id`, `url`, `description`, `created_at`, `updated_at`) VALUES ('98', 'eveniet', '43', 'pollichrau.com', 'Unde in est veritatis odio sint aut. Deserunt ut non veniam nihil natus. Voluptatum molestiae recusandae autem ut laborum quas.', '1987-04-04 18:20:58', '1994-09-13 01:38:31');
INSERT INTO `product` (`id`, `name`, `company_id`, `url`, `description`, `created_at`, `updated_at`) VALUES ('99', 'magni', '46', 'spinka.com', 'Pariatur voluptas fugit harum dolorem dolore repellendus. Consequatur similique temporibus culpa et numquam quis illum.', '1989-04-15 00:45:09', '2004-11-09 16:36:00');
INSERT INTO `product` (`id`, `name`, `company_id`, `url`, `description`, `created_at`, `updated_at`) VALUES ('100', 'saepe', '2', 'huelfritsch.com', 'Nihil iure aspernatur quam unde. Amet eos et tenetur quo doloremque voluptatem aut. Officia repellat repellendus veniam nesciunt molestiae. Id magnam architecto est nam rerum alias.', '2009-04-27 03:02:19', '1985-11-12 14:30:17');

INSERT INTO `product_access_type` (`id`, `name`, `created_at`, `updated_at`) VALUES ('1', 'FTP', '2009-04-09 09:47:49', '1973-02-18 17:06:01');
INSERT INTO `product_access_type` (`id`, `name`, `created_at`, `updated_at`) VALUES ('2', 'Админка', '2014-08-03 05:22:38', '2020-10-27 07:38:43');
INSERT INTO `product_access_type` (`id`, `name`, `created_at`, `updated_at`) VALUES ('3', 'SFTP', '2001-11-07 16:33:33', '2017-05-05 21:38:49');
INSERT INTO `product_access_type` (`id`, `name`, `created_at`, `updated_at`) VALUES ('4', 'Домен', '2000-11-10 15:23:28', '1991-09-28 19:54:13');
INSERT INTO `product_access_type` (`id`, `name`, `created_at`, `updated_at`) VALUES ('5', 'Хостинг', '2017-07-04 15:13:35', '1990-04-03 19:25:33');
INSERT INTO `product_access_type` (`id`, `name`, `created_at`, `updated_at`) VALUES ('6', 'ПУ', '2007-12-23 03:26:14', '1988-03-21 05:29:22');
INSERT INTO `product_access_type` (`id`, `name`, `created_at`, `updated_at`) VALUES ('7', 'HTTP', '1971-01-07 09:20:27', '1974-11-11 10:37:09');
INSERT INTO `product_access_type` (`id`, `name`, `created_at`, `updated_at`) VALUES ('8', 'E-mail', '2014-02-14 10:30:29', '1988-08-03 17:38:49');

INSERT INTO `product_access` (`id`, `name`, `product_access_type`, `product_id`, `login`, `password_hash`, `host`, `options`, `notes`, `created_at`, `updated_at`) VALUES ('1', 'repellat', '2', '1', 'gdne', 'ae9fcf20d3264f231f55b9f369dfeed545ab09a0', 'turcotte.biz', NULL, 'Eligendi quo architecto minima numquam nam iure sit. Quas rerum voluptas quam aut autem consequuntur velit.', '2017-08-14 07:46:12', '2008-07-15 22:56:51');
INSERT INTO `product_access` (`id`, `name`, `product_access_type`, `product_id`, `login`, `password_hash`, `host`, `options`, `notes`, `created_at`, `updated_at`) VALUES ('2', 'ut', '4', '9', 'hera', 'e671b929e1bc584f76a99119f990fe5f42e46459', 'roberts.net', NULL, 'Iure aut voluptatum ipsum debitis officia nemo. Nam molestiae dolores voluptatem dicta in veniam.', '2009-04-14 15:00:40', '2010-09-18 01:40:19');
INSERT INTO `product_access` (`id`, `name`, `product_access_type`, `product_id`, `login`, `password_hash`, `host`, `options`, `notes`, `created_at`, `updated_at`) VALUES ('3', 'at', '5', '9', 'hcmr', '3d3dbaf5021b80c09aa8f3d5131b60c140161786', 'smithamjerde.com', NULL, 'Omnis error cumque sit eaque occaecati suscipit ea. Quisquam aut consequuntur numquam eum accusamus sit aut. At et cum modi. Laborum ea doloribus deserunt qui sapiente vel. Hic quo in voluptates dolor.', '1996-05-27 11:05:00', '1983-01-08 00:30:54');
INSERT INTO `product_access` (`id`, `name`, `product_access_type`, `product_id`, `login`, `password_hash`, `host`, `options`, `notes`, `created_at`, `updated_at`) VALUES ('4', 'corrupti', '1', '5', 'siff', '406b2a5525c676c128941734ccd98e2d897ba1cc', 'hartmann.com', NULL, 'Sunt animi sint accusamus fuga velit consequuntur deserunt. Rem labore voluptatem qui iste ducimus qui mollitia. Harum officia est sit vel qui. Magnam veniam aperiam sed corporis cumque. Ut dolorum tempora aut reiciendis rerum vel.', '2020-09-04 09:37:49', '2001-09-26 10:09:06');
INSERT INTO `product_access` (`id`, `name`, `product_access_type`, `product_id`, `login`, `password_hash`, `host`, `options`, `notes`, `created_at`, `updated_at`) VALUES ('5', 'laudantium', '4', '6', 'eozy', '151a314d6f096e456f9d83249645da139ced146a', 'mohrbernhard.com', NULL, 'Quia vitae eligendi voluptate nobis dolor. Incidunt provident consequatur quia voluptatem. Quae aliquid amet tempore aliquid et. Non perferendis vel maiores.', '1987-03-18 18:40:20', '2020-01-07 23:20:23');
INSERT INTO `product_access` (`id`, `name`, `product_access_type`, `product_id`, `login`, `password_hash`, `host`, `options`, `notes`, `created_at`, `updated_at`) VALUES ('6', 'sit', '1', '1', 'hhyx', '519bf7b0e629016312dc6df90ea0b96c05f75fc3', 'starkboyle.com', NULL, 'Ut et sit cupiditate dignissimos cumque autem. Porro voluptatum iste consectetur rem velit distinctio aliquid facilis. Enim ipsa autem consequatur. Nihil qui qui voluptas dolor quam voluptates sit ducimus.', '2002-12-18 01:23:21', '1995-07-22 13:43:22');
INSERT INTO `product_access` (`id`, `name`, `product_access_type`, `product_id`, `login`, `password_hash`, `host`, `options`, `notes`, `created_at`, `updated_at`) VALUES ('7', 'tempora', '6', '5', 'jetm', '02f5049b8a094ad56da4acc6f9223a261a032a2c', 'harber.org', NULL, 'Non minus optio inventore dolores aut fugiat. Nulla rerum est quisquam in qui ut. Consequatur qui rerum est aut ea voluptatem. Sint voluptatem sunt praesentium voluptatem.', '1972-07-02 21:55:59', '1988-10-26 16:47:26');
INSERT INTO `product_access` (`id`, `name`, `product_access_type`, `product_id`, `login`, `password_hash`, `host`, `options`, `notes`, `created_at`, `updated_at`) VALUES ('8', 'rerum', '5', '3', 'rymq', 'f7eece79d55b14c83e75c0b4b5da0675999fe177', 'maggio.com', NULL, 'Magnam autem repellat qui sapiente non architecto temporibus. Voluptatem quam rem at quidem assumenda. Quia officiis et ipsum beatae tenetur illo quod dolor.', '2005-09-28 22:54:36', '1996-01-01 04:41:23');
INSERT INTO `product_access` (`id`, `name`, `product_access_type`, `product_id`, `login`, `password_hash`, `host`, `options`, `notes`, `created_at`, `updated_at`) VALUES ('9', 'consequatur', '3', '2', 'yagg', 'a1347043dda388db3339f973fa7ea0de20c054a5', 'stehr.info', NULL, 'Quas delectus ut enim aut possimus sapiente. Quod recusandae quaerat quam consequatur dolore corrupti delectus. Tempore aspernatur magni dolor eos et. At eaque modi in dolore reprehenderit.', '1992-10-18 11:26:25', '1975-08-15 18:58:11');
INSERT INTO `product_access` (`id`, `name`, `product_access_type`, `product_id`, `login`, `password_hash`, `host`, `options`, `notes`, `created_at`, `updated_at`) VALUES ('10', 'saepe', '8', '7', 'tvob', 'd629f88dd4490f6a67e7c281c8e27d7533f62543', 'kihnpredovic.com', NULL, 'Voluptatem hic et aut voluptas voluptatem. Odio voluptas recusandae aut earum ipsum. Officia nesciunt voluptatibus eaque est repudiandae. Nisi adipisci eligendi vero ipsam.', '1988-03-11 06:21:17', '2001-12-25 07:25:31');
INSERT INTO `product_access` (`id`, `name`, `product_access_type`, `product_id`, `login`, `password_hash`, `host`, `options`, `notes`, `created_at`, `updated_at`) VALUES ('11', 'debitis', '7', '2', 'ycam', '7672fccdfb956ff06143c4a182541849f4edbcf1', 'maggio.org', NULL, 'Dolorem id ratione blanditiis nulla. Maxime dolore qui nam distinctio consequuntur velit temporibus. Est exercitationem numquam qui id aut voluptatum ad. Amet dolore doloremque doloremque quis autem cum quaerat in.', '1986-01-13 10:47:00', '1977-07-24 08:32:48');
INSERT INTO `product_access` (`id`, `name`, `product_access_type`, `product_id`, `login`, `password_hash`, `host`, `options`, `notes`, `created_at`, `updated_at`) VALUES ('12', 'quasi', '4', '4', 'hyyy', '1399cfe9d0b7135d5abd09709c2ffe1eda96f349', 'swift.com', NULL, 'Numquam ut modi aut. Quos sint quam ex. Necessitatibus repudiandae consequatur sequi consequatur. Accusantium quo qui aliquid asperiores adipisci ab.', '1985-02-21 01:05:03', '1973-03-28 00:56:27');
INSERT INTO `product_access` (`id`, `name`, `product_access_type`, `product_id`, `login`, `password_hash`, `host`, `options`, `notes`, `created_at`, `updated_at`) VALUES ('13', 'minus', '5', '8', 'jugf', '31da1b99ef4eea5d37a3715dd6506cd29e71ecef', 'murray.com', NULL, 'Voluptas at dolorum blanditiis laborum totam. Esse tempore dolor quaerat magni aut debitis beatae. Ea laudantium voluptates sint qui quia rerum cupiditate. Molestiae excepturi eos quia.', '1983-08-09 17:27:01', '1991-02-13 08:33:07');
INSERT INTO `product_access` (`id`, `name`, `product_access_type`, `product_id`, `login`, `password_hash`, `host`, `options`, `notes`, `created_at`, `updated_at`) VALUES ('14', 'sint', '6', '0', 'cfdo', '9ef68c9462997bfb8eafe86af5a6004234afe8ca', 'gulgowski.com', NULL, 'Consequatur cupiditate nihil distinctio sunt voluptatem quia. Nihil incidunt suscipit distinctio occaecati. Eius enim error aliquid impedit in molestiae. Quo sed quis quos ducimus reprehenderit. Hic sed dolor adipisci sed.', '2003-10-10 10:36:23', '2001-11-11 11:26:20');
INSERT INTO `product_access` (`id`, `name`, `product_access_type`, `product_id`, `login`, `password_hash`, `host`, `options`, `notes`, `created_at`, `updated_at`) VALUES ('15', 'commodi', '2', '4', 'aawn', '578c676723ba327c24f873d90c0de037e5ccbf16', 'quigley.net', NULL, 'At sed rerum recusandae repellendus unde. Sint neque illo totam placeat repellendus debitis. Illum non impedit minima molestiae.', '1998-02-21 16:00:03', '1991-08-31 20:25:53');
INSERT INTO `product_access` (`id`, `name`, `product_access_type`, `product_id`, `login`, `password_hash`, `host`, `options`, `notes`, `created_at`, `updated_at`) VALUES ('16', 'nihil', '5', '1', 'ntlv', 'c537d49b50e31d44f3eacd7d038b5b6916192217', 'mante.info', NULL, 'Explicabo quo qui qui soluta. Consequatur sint voluptas quod libero nisi. Iste alias illum tempora consequuntur qui. In rerum debitis ea sequi ea quidem.', '1992-05-25 01:03:38', '1993-04-22 19:41:56');
INSERT INTO `product_access` (`id`, `name`, `product_access_type`, `product_id`, `login`, `password_hash`, `host`, `options`, `notes`, `created_at`, `updated_at`) VALUES ('17', 'qui', '1', '0', 'drud', 'e7474b76a9d9de728854222070383a91b1ff7610', 'hermiston.net', NULL, 'Sequi consectetur ut dolorum aliquid. Veniam sed consequuntur explicabo dolor itaque voluptate. Sint sapiente enim sunt odio nisi dolorem. Unde magni totam quia doloribus maiores.', '2002-01-20 17:21:33', '1986-01-06 06:54:20');
INSERT INTO `product_access` (`id`, `name`, `product_access_type`, `product_id`, `login`, `password_hash`, `host`, `options`, `notes`, `created_at`, `updated_at`) VALUES ('18', 'placeat', '2', '1', 'anav', '848a4e082162e06602281fbeb8922fbaaeaf7a19', 'dibbert.com', NULL, 'Eius consequatur at hic voluptas. Quia perferendis et quia eius facere. Laudantium omnis voluptate corporis ea. Vitae minima accusantium mollitia quis.', '1997-06-25 05:33:13', '2006-02-07 12:26:05');
INSERT INTO `product_access` (`id`, `name`, `product_access_type`, `product_id`, `login`, `password_hash`, `host`, `options`, `notes`, `created_at`, `updated_at`) VALUES ('19', 'ipsa', '4', '7', 'bdwd', '997c0b3ff651759907ae7a028865fcc2be03cf2e', 'greenfelderdaniel.com', NULL, 'Adipisci iure aliquam rerum quidem ea iure quisquam. Aut eos quisquam velit impedit ut asperiores nemo. Commodi nesciunt et assumenda. Voluptas non eum deleniti eos nobis corporis.', '1971-02-28 06:51:08', '1996-11-15 03:37:31');
INSERT INTO `product_access` (`id`, `name`, `product_access_type`, `product_id`, `login`, `password_hash`, `host`, `options`, `notes`, `created_at`, `updated_at`) VALUES ('20', 'est', '2', '3', 'uwer', '2606cfb37eee3e0cd993b28c5dd74da8b378667d', 'altenwerth.com', NULL, 'Cum dolorem ut ipsam deserunt alias eligendi aut. Est est harum voluptates rerum.', '1971-10-27 10:00:43', '1992-12-03 21:11:30');
INSERT INTO `product_access` (`id`, `name`, `product_access_type`, `product_id`, `login`, `password_hash`, `host`, `options`, `notes`, `created_at`, `updated_at`) VALUES ('21', 'excepturi', '5', '1', 'cngo', '35239580dd7f4eed794308c370f32a9c1bb2220f', 'purdy.biz', NULL, 'Deleniti quas rerum recusandae sunt consectetur voluptates voluptatem. Dolorum blanditiis id eum. Maiores dicta ad consectetur blanditiis sit. Cumque voluptatem voluptas cumque dolorem.', '1985-03-30 23:10:13', '2009-03-14 21:31:25');
INSERT INTO `product_access` (`id`, `name`, `product_access_type`, `product_id`, `login`, `password_hash`, `host`, `options`, `notes`, `created_at`, `updated_at`) VALUES ('22', 'eligendi', '2', '9', 'kyrt', '35e98c4d719d1a17da89456b903cf5d26d425a71', 'emard.com', NULL, 'Suscipit iusto autem minima veritatis ut dolorem. Accusantium sed sit repellendus corporis necessitatibus odit eum. Quis provident eligendi est minima. Ipsam atque illum dolorem nemo delectus natus. Quia voluptas ut accusamus beatae consectetur.', '1984-07-13 17:27:50', '1977-03-19 21:36:59');
INSERT INTO `product_access` (`id`, `name`, `product_access_type`, `product_id`, `login`, `password_hash`, `host`, `options`, `notes`, `created_at`, `updated_at`) VALUES ('23', 'aut', '2', '5', 'hmii', 'bff221257fb553db48731a1f69d4cdbabf3c1468', 'hansen.net', NULL, 'Voluptates vero aut ratione eaque tempora aut. Voluptas nemo et necessitatibus possimus occaecati. Rerum explicabo eos aut et modi. Nobis sit odit praesentium iure.', '2015-04-29 04:09:51', '1984-08-13 03:48:25');
INSERT INTO `product_access` (`id`, `name`, `product_access_type`, `product_id`, `login`, `password_hash`, `host`, `options`, `notes`, `created_at`, `updated_at`) VALUES ('24', 'reprehenderit', '7', '7', 'oytt', '2ace2033e597e74136b296aac7ba9debfec0f839', 'hyattgreenholt.net', NULL, 'Ullam facere rerum laboriosam inventore. Provident deleniti fugit impedit totam et nihil reiciendis accusamus. Et dolorum eaque beatae autem.', '1985-04-17 14:10:19', '2004-12-08 14:11:36');
INSERT INTO `product_access` (`id`, `name`, `product_access_type`, `product_id`, `login`, `password_hash`, `host`, `options`, `notes`, `created_at`, `updated_at`) VALUES ('25', 'commodi', '5', '2', 'zaxq', 'd5da874551195f8d9940ae204a6001a35f62e681', 'ullrich.com', NULL, 'Minima veniam hic cupiditate possimus ratione provident atque. Aut voluptatem repellat consequatur tempore ea velit expedita. Quam eveniet ut nesciunt molestiae voluptas temporibus.', '2020-05-08 19:46:20', '2002-01-26 08:40:26');
INSERT INTO `product_access` (`id`, `name`, `product_access_type`, `product_id`, `login`, `password_hash`, `host`, `options`, `notes`, `created_at`, `updated_at`) VALUES ('26', 'non', '7', '0', 'xnmj', 'eae12d14fd0a26826344f8bd1fa5eb7830476cdf', 'gutkowski.com', NULL, 'Aspernatur dolor corrupti recusandae delectus placeat blanditiis. Porro in et commodi maxime placeat est.', '1994-10-11 00:18:19', '2021-02-19 03:17:26');
INSERT INTO `product_access` (`id`, `name`, `product_access_type`, `product_id`, `login`, `password_hash`, `host`, `options`, `notes`, `created_at`, `updated_at`) VALUES ('27', 'eum', '3', '9', 'wvfu', 'f600f21900404ad92b82a94788c6e112e1e38bc4', 'lehner.com', NULL, 'Dolores id possimus expedita quam asperiores voluptas minima. Itaque deleniti molestias est. Natus repellendus vel est.', '2018-06-04 06:41:36', '2016-04-30 05:10:33');
INSERT INTO `product_access` (`id`, `name`, `product_access_type`, `product_id`, `login`, `password_hash`, `host`, `options`, `notes`, `created_at`, `updated_at`) VALUES ('28', 'delectus', '1', '9', 'dewj', '8086138c7e062ebbaa3a1f977f529fe971cae9d0', 'wuckert.com', NULL, 'Odio porro molestiae repellendus tenetur est repellendus. Sint ut rem laborum sed voluptatum. Ab iste id accusamus. Aut maxime in qui reiciendis incidunt tempore.', '2021-07-25 12:09:45', '2006-11-27 12:41:08');
INSERT INTO `product_access` (`id`, `name`, `product_access_type`, `product_id`, `login`, `password_hash`, `host`, `options`, `notes`, `created_at`, `updated_at`) VALUES ('29', 'accusantium', '8', '2', 'xcgv', '7354cec5aaa941c9ee9a8442d37c69d9dc10fae3', 'corwin.com', NULL, 'Aspernatur molestiae cupiditate quia nisi eaque consequuntur animi. Aliquam debitis animi minus et repudiandae sapiente. Voluptas repellat tempora cumque. Sequi quisquam reprehenderit laborum necessitatibus repellat autem.', '1977-02-13 10:41:11', '1979-11-23 05:41:38');
INSERT INTO `product_access` (`id`, `name`, `product_access_type`, `product_id`, `login`, `password_hash`, `host`, `options`, `notes`, `created_at`, `updated_at`) VALUES ('30', 'vero', '3', '6', 'gxft', '7903ebecff5f18ab0c0013c1e5925ce4e1aa3151', 'schamberger.com', NULL, 'Iure enim magni sit est eaque tempora ad. Iste voluptatem non laborum. Tempora nihil et recusandae mollitia quo enim. Officia ipsum nam eos ullam magni.', '1972-06-27 04:40:00', '1978-05-18 18:43:16');
INSERT INTO `product_access` (`id`, `name`, `product_access_type`, `product_id`, `login`, `password_hash`, `host`, `options`, `notes`, `created_at`, `updated_at`) VALUES ('31', 'et', '8', '7', 'msqr', '95d876e0de9d579498f639de6242b638752b2522', 'bashirianwunsch.com', NULL, 'Consequatur voluptatem iusto voluptas ut eum earum facere. Suscipit fugit blanditiis eligendi minus qui nihil fugit. Illo voluptas error quisquam quasi.', '1999-01-30 04:44:15', '1987-04-04 16:04:04');
INSERT INTO `product_access` (`id`, `name`, `product_access_type`, `product_id`, `login`, `password_hash`, `host`, `options`, `notes`, `created_at`, `updated_at`) VALUES ('32', 'ut', '4', '2', 'eihh', '6aede54107a8d3fcc849bbcad047b9da084edcb0', 'schmelermcclure.org', NULL, 'Quas ut ratione quibusdam. Eius facere voluptatem dolor quasi est quod. Est placeat blanditiis est non veniam.', '1987-11-03 02:56:14', '1980-09-06 04:33:27');
INSERT INTO `product_access` (`id`, `name`, `product_access_type`, `product_id`, `login`, `password_hash`, `host`, `options`, `notes`, `created_at`, `updated_at`) VALUES ('33', 'iure', '7', '5', 'wozs', '694861646689128ee84a0dd57ff220a721be5f05', 'fadel.com', NULL, 'Unde assumenda iure amet eveniet amet. Nostrum temporibus quas ipsum expedita deserunt eaque numquam. Sed delectus dolores dolores molestiae explicabo. In magni ea dolores libero maiores nostrum.', '2014-03-04 07:54:41', '1994-02-23 00:29:25');
INSERT INTO `product_access` (`id`, `name`, `product_access_type`, `product_id`, `login`, `password_hash`, `host`, `options`, `notes`, `created_at`, `updated_at`) VALUES ('34', 'molestiae', '3', '5', 'niix', 'fafb70ce0017b8e5c52f995e69e4e3752ed20273', 'hayes.com', NULL, 'Quae laudantium minima modi est corporis iusto. Est est dolores voluptatibus quia doloribus aliquam. Soluta dolores nobis provident voluptate. Tenetur optio eos debitis voluptatibus libero aspernatur laudantium. Voluptatem veritatis est placeat.', '1986-05-27 18:07:34', '1973-11-05 16:40:24');
INSERT INTO `product_access` (`id`, `name`, `product_access_type`, `product_id`, `login`, `password_hash`, `host`, `options`, `notes`, `created_at`, `updated_at`) VALUES ('35', 'aut', '8', '6', 'lcar', '4d325aaa0509dcddf0dca2ed9924d4ef98b57491', 'marks.net', NULL, 'Placeat non quisquam voluptatem expedita et facilis id. Vel quia voluptas at laudantium. Esse molestiae culpa qui et perspiciatis labore mollitia.', '1976-02-28 15:03:51', '1970-02-16 14:55:09');
INSERT INTO `product_access` (`id`, `name`, `product_access_type`, `product_id`, `login`, `password_hash`, `host`, `options`, `notes`, `created_at`, `updated_at`) VALUES ('36', 'perferendis', '1', '6', 'fwgy', '25f15af8f1b1e5fc1db2a7a935e83ca3d659ee35', 'stiedemann.com', NULL, 'Voluptas itaque deleniti ipsam nam repudiandae illum perferendis. Ducimus voluptatem inventore autem dolore aut saepe qui quod. Id praesentium maxime eos quaerat nihil.', '2017-05-09 13:09:11', '1985-05-17 16:16:34');
INSERT INTO `product_access` (`id`, `name`, `product_access_type`, `product_id`, `login`, `password_hash`, `host`, `options`, `notes`, `created_at`, `updated_at`) VALUES ('37', 'corporis', '4', '1', 'omii', '8c155bf074ffefbc64c79c4106507f40ee430325', 'kshlerin.net', NULL, 'Corporis laboriosam expedita est et ea iste. Eaque dolorem libero debitis in. Minus nihil facilis quam consequuntur omnis sed. Magnam eos officiis recusandae omnis dicta.', '1975-05-14 02:54:49', '2011-08-15 06:20:02');
INSERT INTO `product_access` (`id`, `name`, `product_access_type`, `product_id`, `login`, `password_hash`, `host`, `options`, `notes`, `created_at`, `updated_at`) VALUES ('38', 'ipsam', '4', '6', 'prqf', '4b5ec31b12ab51225bcf5bb3b7645e92dcfef6a4', 'oconnerdickens.com', NULL, 'Qui minus animi voluptatem aut tempore enim. Enim rerum voluptas voluptatem deleniti. Animi ratione nam voluptates amet et qui consequatur eos.', '2017-07-05 23:26:06', '1978-03-12 16:51:50');
INSERT INTO `product_access` (`id`, `name`, `product_access_type`, `product_id`, `login`, `password_hash`, `host`, `options`, `notes`, `created_at`, `updated_at`) VALUES ('39', 'quia', '8', '3', 'czsc', 'a0fa996cddb1a3248d70f7fadce3206d8a2e341b', 'haagreichel.org', NULL, 'Explicabo veritatis eligendi voluptate tempora et. Quibusdam voluptatibus non architecto voluptatem quae eveniet. Expedita eveniet voluptas animi vel id voluptatem qui. Ipsum reiciendis dolor quo inventore tempora et.', '2008-08-13 02:06:28', '1997-12-10 08:31:21');
INSERT INTO `product_access` (`id`, `name`, `product_access_type`, `product_id`, `login`, `password_hash`, `host`, `options`, `notes`, `created_at`, `updated_at`) VALUES ('40', 'inventore', '5', '7', 'ucdd', '2b3c184d856d00721dfeff9ef66eed3eabf07918', 'swaniawski.net', NULL, 'Possimus nulla reiciendis vitae ut suscipit et. Explicabo quia et sint magnam.', '1997-03-31 07:44:02', '1981-06-12 16:01:50');
INSERT INTO `product_access` (`id`, `name`, `product_access_type`, `product_id`, `login`, `password_hash`, `host`, `options`, `notes`, `created_at`, `updated_at`) VALUES ('41', 'enim', '1', '1', 'hedz', 'a930649a5dbd3546891ec229bf58a66f788debd7', 'crooks.com', NULL, 'Ut eligendi porro ex ad. Facere vero cumque et nostrum amet et magni. Omnis ut ut sit. Velit voluptas quibusdam aut velit in ut sed.', '2019-07-26 02:07:29', '2016-09-21 18:01:09');
INSERT INTO `product_access` (`id`, `name`, `product_access_type`, `product_id`, `login`, `password_hash`, `host`, `options`, `notes`, `created_at`, `updated_at`) VALUES ('42', 'tempore', '5', '3', 'tvxp', '6b92eab638af575672610b2718d57dec2bf5a7b0', 'howell.com', NULL, 'Aut magni et distinctio nemo mollitia tempore. Nisi blanditiis eaque aut consectetur. Molestiae alias ratione dolorem non. Provident quisquam accusantium non eum.', '1991-12-29 14:09:26', '1978-03-15 19:20:01');
INSERT INTO `product_access` (`id`, `name`, `product_access_type`, `product_id`, `login`, `password_hash`, `host`, `options`, `notes`, `created_at`, `updated_at`) VALUES ('43', 'consequatur', '2', '3', 'skih', '6a9f22678a875d31b144a4063fb5f0f9b13b7156', 'runte.com', NULL, 'Doloremque aut in quis. Perspiciatis blanditiis enim aut sed consequatur id. Error voluptatem officiis consequuntur. Dolor est labore molestiae rerum aperiam rerum.', '1979-08-27 20:57:49', '1980-12-05 11:04:36');
INSERT INTO `product_access` (`id`, `name`, `product_access_type`, `product_id`, `login`, `password_hash`, `host`, `options`, `notes`, `created_at`, `updated_at`) VALUES ('44', 'aperiam', '4', '9', 'vfyb', '102570e6318cfb6d3f673cf54d01512fc9a2d565', 'hoppemuller.com', NULL, 'Eum ut delectus sit ab eveniet. Architecto et magnam fuga eos quos. Quam beatae veniam nihil similique. Facilis impedit aut sunt quae optio quas. Nisi cumque impedit rerum corporis labore.', '1986-02-11 01:59:13', '2019-09-01 04:24:41');
INSERT INTO `product_access` (`id`, `name`, `product_access_type`, `product_id`, `login`, `password_hash`, `host`, `options`, `notes`, `created_at`, `updated_at`) VALUES ('45', 'atque', '6', '1', 'gpwq', '984b3e665914417650ed2b7627084080981b4af7', 'handlockman.org', NULL, 'Quam molestiae aut quidem. Omnis incidunt nihil id labore et corrupti qui. Et quo ut molestiae est. Laborum ut praesentium in nisi eum.', '2015-12-09 16:18:28', '2018-03-27 01:41:37');
INSERT INTO `product_access` (`id`, `name`, `product_access_type`, `product_id`, `login`, `password_hash`, `host`, `options`, `notes`, `created_at`, `updated_at`) VALUES ('46', 'aliquam', '2', '8', 'fuxl', 'bf150dc801a7881f0933b5e3529ea6f112c3356b', 'rohan.com', NULL, 'Adipisci sed quo perspiciatis vel repellat maxime ut quasi. Omnis laborum et rerum ad nostrum. Asperiores sunt qui aut sed modi reiciendis provident. Blanditiis officia quae totam laudantium tempore consequuntur impedit.', '1990-12-03 13:57:19', '1972-07-30 17:29:10');
INSERT INTO `product_access` (`id`, `name`, `product_access_type`, `product_id`, `login`, `password_hash`, `host`, `options`, `notes`, `created_at`, `updated_at`) VALUES ('47', 'sit', '1', '5', 'idbm', 'f0b3c68e7a88a6c7d3c36a188c86a9fab424c5b2', 'veum.biz', NULL, 'Magnam veritatis doloremque sapiente voluptates. Sed culpa consequatur inventore explicabo cum veritatis beatae soluta. Praesentium ut aspernatur quis voluptates maxime hic ad.', '1972-12-18 22:45:01', '1991-09-30 10:18:09');
INSERT INTO `product_access` (`id`, `name`, `product_access_type`, `product_id`, `login`, `password_hash`, `host`, `options`, `notes`, `created_at`, `updated_at`) VALUES ('48', 'ut', '4', '2', 'lmaw', '827374fdc5e6e903126d303c7e2c43b39b6ab245', 'jacobsonwisoky.org', NULL, 'Laboriosam a velit enim sit est dolorem enim. Autem ullam et voluptatem ex magnam sit consequatur porro. Voluptas consequatur eligendi in et.', '2018-04-25 00:30:15', '2004-09-15 04:05:56');
INSERT INTO `product_access` (`id`, `name`, `product_access_type`, `product_id`, `login`, `password_hash`, `host`, `options`, `notes`, `created_at`, `updated_at`) VALUES ('49', 'vel', '5', '1', 'jpjo', '5a04a8b3edb554a11109998be8130e8d23143f2f', 'corwin.com', NULL, 'Qui optio eaque voluptatum voluptatem. Fuga impedit qui quos itaque vitae quod quaerat. Aliquam maxime natus omnis possimus.', '1996-03-19 23:01:34', '2019-12-02 14:47:49');
INSERT INTO `product_access` (`id`, `name`, `product_access_type`, `product_id`, `login`, `password_hash`, `host`, `options`, `notes`, `created_at`, `updated_at`) VALUES ('50', 'praesentium', '7', '7', 'frew', 'd6d8abe75d6d9776ee85b8888253d35f4695ceca', 'blickhermann.com', NULL, 'Ut maiores occaecati labore soluta id dolorem. Dolores ut reiciendis non est similique et voluptas quo. Saepe est qui ut. Non asperiores ut est.', '1995-06-12 07:47:42', '2012-12-09 15:32:01');
INSERT INTO `product_access` (`id`, `name`, `product_access_type`, `product_id`, `login`, `password_hash`, `host`, `options`, `notes`, `created_at`, `updated_at`) VALUES ('51', 'et', '8', '4', 'cuqc', '74bda9ff1e081305263f7d8c8bd77fdccde99cd6', 'anderson.org', NULL, 'Quis explicabo sequi tempore adipisci. Mollitia numquam sit explicabo quam hic assumenda. Officiis quasi porro est adipisci quos officia sed. Nostrum qui et nulla ab iste quod.', '2007-11-27 19:59:47', '1996-08-12 02:46:57');
INSERT INTO `product_access` (`id`, `name`, `product_access_type`, `product_id`, `login`, `password_hash`, `host`, `options`, `notes`, `created_at`, `updated_at`) VALUES ('52', 'voluptatem', '4', '0', 'rjvz', '0232119bd3973321768f3f911de084f5fd13983a', 'johnson.net', NULL, 'Facere omnis hic voluptatibus labore libero vitae est. Illum culpa numquam similique dolores quisquam ex. Sunt eaque veritatis laboriosam dolores quis perferendis ea. Ut provident eligendi aut ducimus.', '1988-08-28 06:07:41', '1992-01-17 08:36:37');
INSERT INTO `product_access` (`id`, `name`, `product_access_type`, `product_id`, `login`, `password_hash`, `host`, `options`, `notes`, `created_at`, `updated_at`) VALUES ('53', 'quo', '1', '7', 'txgs', '04b2cbe16e383aa7db99b9de252770c3f9da2e1c', 'walter.net', NULL, 'Facere et dolorem qui optio rerum. Velit dolores illo aut distinctio. Illo quod fugiat quia distinctio pariatur eaque voluptatum. Ipsa hic quis sed.', '2004-03-20 03:27:40', '2010-08-19 09:54:34');
INSERT INTO `product_access` (`id`, `name`, `product_access_type`, `product_id`, `login`, `password_hash`, `host`, `options`, `notes`, `created_at`, `updated_at`) VALUES ('54', 'sit', '6', '2', 'glis', 'a9351302cd130e5b183a7c95c9e5fe328c24a891', 'kuhn.com', NULL, 'Et nulla non nostrum eligendi non aut libero. Amet amet voluptatem quis voluptatem veniam animi explicabo. Magni quod voluptas dolor officia beatae eaque nulla.', '2017-11-01 03:04:41', '1974-10-06 12:56:51');
INSERT INTO `product_access` (`id`, `name`, `product_access_type`, `product_id`, `login`, `password_hash`, `host`, `options`, `notes`, `created_at`, `updated_at`) VALUES ('55', 'delectus', '2', '7', 'ufxz', '59c725c684158fa3012f4e00efab5de6f9fe9085', 'yost.com', NULL, 'Esse omnis corrupti hic reprehenderit soluta ipsam doloremque. Et quaerat exercitationem provident eveniet aut. Quas nihil aliquid quae qui. Libero beatae hic molestias qui eum ut voluptatem.', '1988-10-29 04:46:10', '2011-09-15 04:21:10');
INSERT INTO `product_access` (`id`, `name`, `product_access_type`, `product_id`, `login`, `password_hash`, `host`, `options`, `notes`, `created_at`, `updated_at`) VALUES ('56', 'quis', '3', '8', 'jnta', '07380cb7c624b6c4be1258c268bcebe09e4d6dab', 'huels.org', NULL, 'Itaque ut molestiae sint dolorum adipisci nulla. Aspernatur et ut cumque accusantium fugiat nihil nemo. Minima nulla sapiente deserunt veniam. Temporibus nihil illum velit accusamus tempore omnis.', '1992-05-14 18:47:20', '2020-08-31 13:12:19');
INSERT INTO `product_access` (`id`, `name`, `product_access_type`, `product_id`, `login`, `password_hash`, `host`, `options`, `notes`, `created_at`, `updated_at`) VALUES ('57', 'non', '1', '6', 'oktq', '45c912d9239e502f45c985da277ed18307ae8c9c', 'abshire.com', NULL, 'Velit excepturi voluptatem veniam eos ut. Quidem cumque maxime earum aut doloremque sit. Et accusamus quis omnis quidem tempore. Quo molestiae ea ratione ipsum corrupti.', '2017-03-21 16:03:37', '2003-08-24 22:30:27');
INSERT INTO `product_access` (`id`, `name`, `product_access_type`, `product_id`, `login`, `password_hash`, `host`, `options`, `notes`, `created_at`, `updated_at`) VALUES ('58', 'molestias', '3', '8', 'ymxx', '1f661dad9d95694e0d425e6640c7fb9373761cb9', 'miller.biz', NULL, 'Incidunt laborum adipisci qui tempora. Sit culpa qui optio ut nostrum quibusdam consequatur. Est veritatis corrupti sapiente quasi. Consequatur sed voluptatem est at repellat quae.', '1983-01-26 10:38:14', '2006-02-24 12:57:05');
INSERT INTO `product_access` (`id`, `name`, `product_access_type`, `product_id`, `login`, `password_hash`, `host`, `options`, `notes`, `created_at`, `updated_at`) VALUES ('59', 'dolorem', '3', '7', 'imgd', '03dbc819d84b6894b29064526d26c40b6859dc5c', 'abbottkeebler.com', NULL, 'Maiores aperiam architecto asperiores enim facere ab. Voluptas rerum excepturi commodi. Provident voluptas placeat consequatur exercitationem et dolores.', '2002-12-02 21:12:49', '2002-09-06 07:49:41');
INSERT INTO `product_access` (`id`, `name`, `product_access_type`, `product_id`, `login`, `password_hash`, `host`, `options`, `notes`, `created_at`, `updated_at`) VALUES ('60', 'deleniti', '5', '4', 'dcky', 'f8c8ef10d85629334c2bdc1527b45428320e3503', 'sporer.com', NULL, 'Ut praesentium consequatur delectus. Numquam recusandae et laboriosam et a amet qui. Qui voluptates minima nemo sit consequuntur voluptatem. Inventore commodi magni occaecati facere similique consequatur reiciendis. Optio beatae omnis asperiores quia.', '1991-11-29 09:40:16', '2006-02-19 17:42:32');
INSERT INTO `product_access` (`id`, `name`, `product_access_type`, `product_id`, `login`, `password_hash`, `host`, `options`, `notes`, `created_at`, `updated_at`) VALUES ('61', 'impedit', '4', '7', 'brrh', '12c3604e569840f1da9d04385580ef8775b1bd32', 'witting.com', NULL, 'Illum delectus eos ipsa optio voluptates laboriosam. Qui rerum sed ducimus laudantium ut ab. Quo inventore et quos quibusdam voluptas labore. Et aut iure repudiandae nihil enim dolorem.', '2008-10-11 00:44:38', '1994-10-18 04:36:16');
INSERT INTO `product_access` (`id`, `name`, `product_access_type`, `product_id`, `login`, `password_hash`, `host`, `options`, `notes`, `created_at`, `updated_at`) VALUES ('62', 'vitae', '6', '0', 'mphl', '947e5b85bcdd21518a8e2e5a938c82d22e7d9c04', 'bednartremblay.com', NULL, 'Animi quis quod officia ut magnam et. Libero adipisci odit quia eos est dignissimos. Veritatis facilis et voluptate at at ratione. Omnis magni sit et nihil quaerat nesciunt.', '1979-07-14 18:01:56', '1971-08-27 02:30:41');
INSERT INTO `product_access` (`id`, `name`, `product_access_type`, `product_id`, `login`, `password_hash`, `host`, `options`, `notes`, `created_at`, `updated_at`) VALUES ('63', 'velit', '2', '2', 'tuca', 'ec64816f4dffa5ba5315c6e67b0b8658f3488352', 'mayerschultz.com', NULL, 'Pariatur voluptatem ullam quia et dolore. Voluptatem numquam iure iure voluptas aut. Sint sed est quia.', '1988-01-08 09:58:10', '1980-12-27 09:25:50');
INSERT INTO `product_access` (`id`, `name`, `product_access_type`, `product_id`, `login`, `password_hash`, `host`, `options`, `notes`, `created_at`, `updated_at`) VALUES ('64', 'et', '7', '6', 'vgcv', '1c8b3bf7e0077dcdfca7b2cb231b63a7067e6b70', 'smithamharvey.net', NULL, 'Expedita consequatur iusto est doloribus modi quidem. Consequatur et est dolorem amet ut quo est. Nesciunt aut perspiciatis fugiat odio enim fugiat. Minima nostrum debitis similique.', '1996-02-29 22:42:02', '1989-01-24 20:57:22');
INSERT INTO `product_access` (`id`, `name`, `product_access_type`, `product_id`, `login`, `password_hash`, `host`, `options`, `notes`, `created_at`, `updated_at`) VALUES ('65', 'voluptatum', '6', '1', 'aftk', 'ba352008d3ce0492012129b24aafc242f30389bf', 'nikolaus.com', NULL, 'Nostrum quasi repellat qui sed vitae. Doloribus ullam repellendus voluptatem illum quis voluptatibus consequatur. Architecto exercitationem voluptatem voluptates delectus enim ratione aut. Delectus ex maxime alias sed.', '1999-04-03 01:03:42', '1977-01-11 14:46:25');
INSERT INTO `product_access` (`id`, `name`, `product_access_type`, `product_id`, `login`, `password_hash`, `host`, `options`, `notes`, `created_at`, `updated_at`) VALUES ('66', 'sit', '1', '2', 'kdqy', 'b6c5ab306e336559998083a6695412cee1f7cc51', 'hagenes.com', NULL, 'Culpa sed qui cum dolores maiores veritatis. Quas eum autem totam nobis dolorem. Non enim nesciunt eveniet qui in et quidem rerum. Beatae aut maxime illo.', '1991-03-24 23:36:06', '2001-02-22 17:50:20');
INSERT INTO `product_access` (`id`, `name`, `product_access_type`, `product_id`, `login`, `password_hash`, `host`, `options`, `notes`, `created_at`, `updated_at`) VALUES ('67', 'enim', '6', '3', 'xrqb', '16ab117e6d0b8df6cc6441ac4cff95afa059746f', 'berge.info', NULL, 'Sequi illo voluptas enim fugit numquam nam. Ipsum ut ut sunt molestiae aut recusandae. Dolorem sed et sed omnis molestias corporis quia.', '2002-09-21 03:13:03', '1972-10-25 13:20:44');
INSERT INTO `product_access` (`id`, `name`, `product_access_type`, `product_id`, `login`, `password_hash`, `host`, `options`, `notes`, `created_at`, `updated_at`) VALUES ('68', 'nisi', '1', '7', 'hyta', 'c7351194268e8c1af9be68ea459f97afad00bfdc', 'flatley.com', NULL, 'Quidem aspernatur asperiores temporibus perspiciatis facilis laudantium omnis. Ut autem perspiciatis assumenda rerum illum id dolores nemo. Aut et culpa sit sed ut ab possimus.', '1978-04-30 06:46:50', '1988-05-08 09:56:58');
INSERT INTO `product_access` (`id`, `name`, `product_access_type`, `product_id`, `login`, `password_hash`, `host`, `options`, `notes`, `created_at`, `updated_at`) VALUES ('69', 'dolor', '8', '7', 'swdd', '45979fed144fd3384b04d8224eceee1db706df12', 'rodriguez.biz', NULL, 'Quaerat voluptas quae illum. Rerum harum aut quibusdam dolorem dolores consequatur. Culpa fugit voluptatibus sit. Optio nisi quisquam officiis veniam voluptates aut.', '1975-11-25 08:39:47', '1987-02-11 03:48:37');
INSERT INTO `product_access` (`id`, `name`, `product_access_type`, `product_id`, `login`, `password_hash`, `host`, `options`, `notes`, `created_at`, `updated_at`) VALUES ('70', 'molestiae', '6', '8', 'wssk', '01388f55a56a579e6fd35b30b690023e146e2ddf', 'stehradams.com', NULL, 'Error totam ex pariatur cupiditate soluta beatae. Odit dolores voluptatem soluta qui. At quis libero et eius laudantium assumenda.', '2006-02-17 09:51:57', '1993-01-25 07:03:58');
INSERT INTO `product_access` (`id`, `name`, `product_access_type`, `product_id`, `login`, `password_hash`, `host`, `options`, `notes`, `created_at`, `updated_at`) VALUES ('71', 'quo', '1', '4', 'bdhx', '0e299cf9ff3112bea763186170e7b0a2fb75b42d', 'quitzon.com', NULL, 'Officia aut nostrum facere quis beatae. Aspernatur aliquid architecto vero tenetur qui dolor laborum in. Quisquam ut similique perspiciatis et qui est a autem. Enim pariatur et alias qui ut minima.', '1998-05-03 12:40:36', '1970-11-12 16:12:42');
INSERT INTO `product_access` (`id`, `name`, `product_access_type`, `product_id`, `login`, `password_hash`, `host`, `options`, `notes`, `created_at`, `updated_at`) VALUES ('72', 'dolorem', '7', '0', 'femf', 'd6081747a6ce00d288e043167fff5647262a0ed6', 'hintz.biz', NULL, 'Rerum quo provident dolor quasi ut debitis. Harum quae debitis est dolore. Sed eligendi impedit doloremque et.', '2013-05-27 00:14:15', '1993-05-07 14:30:35');
INSERT INTO `product_access` (`id`, `name`, `product_access_type`, `product_id`, `login`, `password_hash`, `host`, `options`, `notes`, `created_at`, `updated_at`) VALUES ('73', 'numquam', '3', '9', 'dnyy', 'f7ea7da9b7abe50549d56ab9ea96d2def39b66f6', 'little.org', NULL, 'Et ducimus nam aperiam. Neque non exercitationem esse aut id dolorum. Voluptate maiores labore et qui. Odio distinctio quisquam voluptatem eveniet id.', '2020-08-17 07:02:58', '2017-02-24 02:52:31');
INSERT INTO `product_access` (`id`, `name`, `product_access_type`, `product_id`, `login`, `password_hash`, `host`, `options`, `notes`, `created_at`, `updated_at`) VALUES ('74', 'et', '6', '1', 'rofi', '1f7168a12fd1edeafd3486e72c341d9eec6eb075', 'wintheiserdibbert.biz', NULL, 'Reprehenderit minus voluptates sint tenetur quod. Officiis voluptas provident aut enim qui excepturi. Dicta consectetur aut optio aut voluptas.', '2006-12-19 02:13:00', '1974-03-11 22:41:47');
INSERT INTO `product_access` (`id`, `name`, `product_access_type`, `product_id`, `login`, `password_hash`, `host`, `options`, `notes`, `created_at`, `updated_at`) VALUES ('75', 'praesentium', '8', '7', 'qysc', '1fe68dbf3f61152e97ce3cecbb3805659258583d', 'kozey.biz', NULL, 'Fugiat beatae ea quidem qui laudantium nesciunt. Et occaecati numquam sint dignissimos voluptate sunt tempore. Distinctio necessitatibus soluta sit suscipit aut sit veritatis. In soluta et excepturi eligendi alias ipsam.', '2015-08-04 06:05:33', '1971-12-12 15:30:23');
INSERT INTO `product_access` (`id`, `name`, `product_access_type`, `product_id`, `login`, `password_hash`, `host`, `options`, `notes`, `created_at`, `updated_at`) VALUES ('76', 'iste', '5', '8', 'zsvt', 'a741b81456a82c7cfff7711bc936584b47ef0eaa', 'wolf.info', NULL, 'At exercitationem numquam omnis nulla quis aut quisquam. Totam iste odio neque amet iure. Asperiores illo doloribus nobis. Ipsam quas ea repellendus nesciunt nihil quae qui.', '2004-10-27 04:01:12', '1999-04-24 11:12:53');
INSERT INTO `product_access` (`id`, `name`, `product_access_type`, `product_id`, `login`, `password_hash`, `host`, `options`, `notes`, `created_at`, `updated_at`) VALUES ('77', 'vero', '8', '6', 'fdku', '157a1dc073d459ecc834225eb37f7b1ef98ce2eb', 'auer.biz', NULL, 'Quisquam dolorum molestiae officia illum. Explicabo soluta deleniti dolorum vero et. Cumque aut hic incidunt maiores veniam itaque delectus.', '1990-10-11 18:31:58', '2012-09-20 01:20:56');
INSERT INTO `product_access` (`id`, `name`, `product_access_type`, `product_id`, `login`, `password_hash`, `host`, `options`, `notes`, `created_at`, `updated_at`) VALUES ('78', 'aut', '8', '8', 'vpxw', '82738683c50e7fcff80913340762296ed9ef551c', 'johnston.com', NULL, 'Et ut eum repellendus corrupti est. Nulla eos possimus exercitationem quod. Quos aut molestias voluptatem asperiores.', '2017-03-28 16:15:58', '1974-04-24 23:41:06');
INSERT INTO `product_access` (`id`, `name`, `product_access_type`, `product_id`, `login`, `password_hash`, `host`, `options`, `notes`, `created_at`, `updated_at`) VALUES ('79', 'beatae', '4', '4', 'qtbh', '23279368a9f01e95224300b7a70910fb883ba52d', 'dubuque.biz', NULL, 'Libero harum illo excepturi ut quisquam ipsam. Quaerat officia fuga placeat ex voluptatem ipsam eum. Voluptate in labore rem.', '2013-01-02 00:23:15', '2010-02-13 09:17:06');
INSERT INTO `product_access` (`id`, `name`, `product_access_type`, `product_id`, `login`, `password_hash`, `host`, `options`, `notes`, `created_at`, `updated_at`) VALUES ('80', 'sed', '3', '8', 'xwwf', 'c2421c80c69cc6f11ec48438e6156bb8ad2fda82', 'schustererdman.com', NULL, 'Et quia labore et in. Dignissimos magnam eaque eum voluptatibus sunt aut libero. Expedita ut ipsam non eveniet vitae. Non vero totam est quisquam vel.', '2011-04-04 00:25:02', '2013-01-30 07:42:06');
INSERT INTO `product_access` (`id`, `name`, `product_access_type`, `product_id`, `login`, `password_hash`, `host`, `options`, `notes`, `created_at`, `updated_at`) VALUES ('81', 'qui', '2', '6', 'rknu', 'f73359bf4c7185ae38a0d4ebace6a0af45b10528', 'rogahn.biz', NULL, 'Porro ut dignissimos totam eveniet harum aliquam sed. Accusamus enim voluptate et officiis dignissimos fuga. Voluptatem aut fuga nihil in quo et. Rerum aut voluptatibus corrupti.', '1978-08-27 11:14:58', '2015-08-06 10:12:53');
INSERT INTO `product_access` (`id`, `name`, `product_access_type`, `product_id`, `login`, `password_hash`, `host`, `options`, `notes`, `created_at`, `updated_at`) VALUES ('82', 'enim', '8', '0', 'yzhi', 'aadf83e8eb3aa7f516a5fb493a1d174c88043941', 'marvin.com', NULL, 'Quos repellendus quis sapiente voluptatum earum. Commodi rerum vitae sed doloribus. Optio sint quos velit distinctio dolores mollitia minus laudantium.', '2018-05-28 11:48:19', '2020-12-17 12:33:13');
INSERT INTO `product_access` (`id`, `name`, `product_access_type`, `product_id`, `login`, `password_hash`, `host`, `options`, `notes`, `created_at`, `updated_at`) VALUES ('83', 'est', '2', '5', 'iaoh', '5048c207864f5291a3fbbb8d05b7748e758f7115', 'gerlach.net', NULL, 'Voluptate laudantium dolor quod voluptas. Aut dolores cupiditate aliquam aliquid laboriosam. Voluptatem non qui quas dolores rem soluta officiis. Similique provident est temporibus iusto aliquid.', '1999-03-04 21:12:37', '1977-11-27 07:27:43');
INSERT INTO `product_access` (`id`, `name`, `product_access_type`, `product_id`, `login`, `password_hash`, `host`, `options`, `notes`, `created_at`, `updated_at`) VALUES ('84', 'sed', '7', '4', 'oztl', '8b22891bea8beb9ebc8376a0a9838bcec79b65b1', 'rippin.com', NULL, 'Vel voluptatem qui quia cupiditate sit. Qui quidem odit nihil provident. Cum quaerat qui qui temporibus et tenetur voluptatibus. Provident hic officiis unde ut commodi minima.', '2015-02-12 23:50:23', '1990-05-20 12:51:04');
INSERT INTO `product_access` (`id`, `name`, `product_access_type`, `product_id`, `login`, `password_hash`, `host`, `options`, `notes`, `created_at`, `updated_at`) VALUES ('85', 'sunt', '8', '8', 'ekyx', '223cd0a717cbd2a96c4aa41f5cc9d88f1ce96460', 'champlin.com', NULL, 'Aliquid eius sed atque doloremque dolor est repellendus corporis. Corporis dolorum corporis velit vel consequatur cupiditate voluptatem aut. Veritatis voluptatem voluptatem ut et. Magnam aut ad et.', '2011-04-29 01:11:16', '2009-08-13 14:56:07');
INSERT INTO `product_access` (`id`, `name`, `product_access_type`, `product_id`, `login`, `password_hash`, `host`, `options`, `notes`, `created_at`, `updated_at`) VALUES ('86', 'occaecati', '7', '3', 'orya', '0ca3430d6c99ddf29b88aae7d5b8bc953ccab6d0', 'okeefe.com', NULL, 'Consectetur quam quas vel officiis voluptatum autem vitae. Quod non alias suscipit velit eos et. Nihil enim quibusdam quis velit ut id necessitatibus. Voluptates facere quas vel neque.', '1999-02-24 10:49:08', '1975-04-13 09:21:18');
INSERT INTO `product_access` (`id`, `name`, `product_access_type`, `product_id`, `login`, `password_hash`, `host`, `options`, `notes`, `created_at`, `updated_at`) VALUES ('87', 'quia', '5', '1', 'rpxj', '9cb0c7a149d393dcada7cb0610bce1de884f7d55', 'herman.biz', NULL, 'Qui nulla dicta qui nihil eos illo. Dolore et voluptas qui reiciendis distinctio quia sit. Optio laboriosam amet non officiis animi.', '2021-07-29 01:08:56', '1976-12-25 16:41:59');
INSERT INTO `product_access` (`id`, `name`, `product_access_type`, `product_id`, `login`, `password_hash`, `host`, `options`, `notes`, `created_at`, `updated_at`) VALUES ('88', 'autem', '1', '3', 'yxvz', 'c14a8638fff3bc2522ee621a1698ebca45a3518e', 'reynolds.com', NULL, 'Voluptas dolor cum ut aspernatur. Qui et natus vel quo ut.', '2007-04-25 03:21:25', '2008-03-01 18:26:55');
INSERT INTO `product_access` (`id`, `name`, `product_access_type`, `product_id`, `login`, `password_hash`, `host`, `options`, `notes`, `created_at`, `updated_at`) VALUES ('89', 'voluptatibus', '1', '3', 'etcw', '2d3771c127f57d9e3e41d05012926b6f6b1d591a', 'murphy.org', NULL, 'Velit eveniet eligendi sit et consectetur nihil in itaque. Praesentium inventore et ut. Rerum cum dolorem aliquid officiis neque. Rem natus debitis similique qui a unde.', '2004-05-21 11:58:16', '1997-05-31 05:18:53');
INSERT INTO `product_access` (`id`, `name`, `product_access_type`, `product_id`, `login`, `password_hash`, `host`, `options`, `notes`, `created_at`, `updated_at`) VALUES ('90', 'aut', '4', '6', 'hohq', 'b8682650f7723811fd2293df1a1d95c1d21739ad', 'haneraynor.org', NULL, 'Et minima est et sed. Quo reprehenderit exercitationem laborum inventore voluptas dolorem quasi. Vel architecto ipsum quis beatae.', '2014-05-23 21:11:12', '1995-10-30 11:20:05');
INSERT INTO `product_access` (`id`, `name`, `product_access_type`, `product_id`, `login`, `password_hash`, `host`, `options`, `notes`, `created_at`, `updated_at`) VALUES ('91', 'quam', '7', '4', 'slyu', 'cf420522ea96515d39f6b66242c571dad65b0265', 'king.org', NULL, 'Eaque voluptatem assumenda illum eius at. Qui molestias voluptas eum magnam ut sit a.', '1975-03-18 07:34:51', '1993-02-20 04:15:21');
INSERT INTO `product_access` (`id`, `name`, `product_access_type`, `product_id`, `login`, `password_hash`, `host`, `options`, `notes`, `created_at`, `updated_at`) VALUES ('92', 'occaecati', '8', '3', 'qfrj', '0208eb95ccf1e8a8b418fe6c59cee3b40775eb31', 'green.biz', NULL, 'Aut molestias eum magnam sit. Labore aspernatur voluptas modi culpa. Non facere dolorem quae numquam eveniet.', '1998-10-08 04:34:03', '2014-11-19 11:37:57');
INSERT INTO `product_access` (`id`, `name`, `product_access_type`, `product_id`, `login`, `password_hash`, `host`, `options`, `notes`, `created_at`, `updated_at`) VALUES ('93', 'possimus', '4', '4', 'oqdi', '7b2e81a5e672e0287d304110c79ac6f744a97485', 'marquardt.com', NULL, 'Sint sed sit non delectus tempora. Numquam natus a dolorem temporibus et. Molestiae nihil dicta saepe sint non iure et iste. Totam quia consectetur qui facere voluptatem officiis cum et.', '1983-08-02 22:26:30', '2014-09-25 21:45:28');
INSERT INTO `product_access` (`id`, `name`, `product_access_type`, `product_id`, `login`, `password_hash`, `host`, `options`, `notes`, `created_at`, `updated_at`) VALUES ('94', 'et', '3', '2', 'alfj', 'f9ba044dd6b90898e28366b8ca699652eba16fce', 'hirthelynch.com', NULL, 'Pariatur iusto hic deserunt alias dolorum. Reprehenderit quia non illum et quae quis. Doloribus quisquam mollitia exercitationem cupiditate optio sed. Ea dolor nihil natus accusamus ut non.', '2010-08-08 00:57:24', '2021-06-27 21:47:59');
INSERT INTO `product_access` (`id`, `name`, `product_access_type`, `product_id`, `login`, `password_hash`, `host`, `options`, `notes`, `created_at`, `updated_at`) VALUES ('95', 'ut', '7', '6', 'tcwy', '4e78c29edf447236994b8a490c3c3d433bcfe5c6', 'orn.net', NULL, 'Porro officia temporibus repellendus quia hic et possimus magnam. Repudiandae velit doloribus quas est consequuntur quibusdam minima tempora. Minima perferendis amet reprehenderit dolores omnis.', '2017-12-26 17:30:42', '2013-02-14 16:09:10');
INSERT INTO `product_access` (`id`, `name`, `product_access_type`, `product_id`, `login`, `password_hash`, `host`, `options`, `notes`, `created_at`, `updated_at`) VALUES ('96', 'minima', '3', '0', 'zrke', '1a72e2a2ba0815a4d8a25df7328ff7729269ffbe', 'tillman.com', NULL, 'Velit enim molestias ut quaerat perspiciatis officia. Voluptate in sit porro natus sed. Porro et cupiditate ipsum culpa qui et.', '2002-10-17 04:13:15', '1974-08-20 16:53:52');
INSERT INTO `product_access` (`id`, `name`, `product_access_type`, `product_id`, `login`, `password_hash`, `host`, `options`, `notes`, `created_at`, `updated_at`) VALUES ('97', 'nisi', '4', '4', 'arhg', '01f6f1693a5ae9a725f2e82fb6daa017e02f3606', 'hilpertpurdy.com', NULL, 'Doloremque quia soluta nulla enim excepturi dolore quam. Debitis minima et architecto quo eius. Esse omnis repellendus quia totam et. Dolorem alias nihil voluptatem corporis impedit.', '1974-07-25 01:37:25', '1974-03-18 12:59:27');
INSERT INTO `product_access` (`id`, `name`, `product_access_type`, `product_id`, `login`, `password_hash`, `host`, `options`, `notes`, `created_at`, `updated_at`) VALUES ('98', 'a', '4', '5', 'rdbj', 'ae57cc3b36e47846c83454a309ad12a3b0e37860', 'hermanschinner.com', NULL, 'Officiis unde similique est unde aspernatur minima. Aut aut iste assumenda porro perferendis. Explicabo iste sunt aliquid ea. Ducimus in qui a nulla.', '1988-09-23 19:27:57', '1987-07-15 02:13:54');
INSERT INTO `product_access` (`id`, `name`, `product_access_type`, `product_id`, `login`, `password_hash`, `host`, `options`, `notes`, `created_at`, `updated_at`) VALUES ('99', 'nisi', '8', '6', 'zytc', 'a50a8f3462774191b65e97114fbe0eb95476030a', 'lind.biz', NULL, 'Est delectus dolorum hic veniam in unde vitae. Et qui omnis quo occaecati ratione quasi. Et corrupti qui temporibus qui.', '2016-06-18 21:09:45', '2015-10-07 07:00:17');
INSERT INTO `product_access` (`id`, `name`, `product_access_type`, `product_id`, `login`, `password_hash`, `host`, `options`, `notes`, `created_at`, `updated_at`) VALUES ('100', 'et', '3', '9', 'bjmy', 'fedc4412b1380f89395ac7655968c136abf58fa3', 'hilll.com', NULL, 'Id perspiciatis quis ratione et dicta quae. Consequatur accusamus qui itaque et minus. Laborum quia earum tenetur aperiam.', '2019-08-30 14:20:27', '1982-08-17 03:38:47');
INSERT INTO `product_access` (`id`, `name`, `product_access_type`, `product_id`, `login`, `password_hash`, `host`, `options`, `notes`, `created_at`, `updated_at`) VALUES ('101', 'deleniti', '5', '5', 'fvzi', 'a14276c232fd92ebdc2664284853b0c81edb99cb', 'wehner.com', NULL, 'Quidem dolor nisi modi enim. Quam adipisci molestias optio quis. In quos cumque qui earum. Rerum quae minima sit et laborum iste ducimus.', '1995-05-06 22:08:13', '1971-11-19 15:58:22');
INSERT INTO `product_access` (`id`, `name`, `product_access_type`, `product_id`, `login`, `password_hash`, `host`, `options`, `notes`, `created_at`, `updated_at`) VALUES ('102', 'id', '4', '9', 'ygnw', '3f0a84bd3748cb5ba3a629f5e29f2b348721d93d', 'shields.com', NULL, 'Qui natus et et dolorem ipsam error dolorum unde. Sapiente ea velit ex eaque sunt. Ex necessitatibus omnis magnam optio earum natus. Harum voluptate sunt molestiae ut et. Non eaque dolores omnis beatae.', '1987-12-25 16:09:05', '1999-02-28 04:13:41');
INSERT INTO `product_access` (`id`, `name`, `product_access_type`, `product_id`, `login`, `password_hash`, `host`, `options`, `notes`, `created_at`, `updated_at`) VALUES ('103', 'sed', '5', '9', 'sbjj', 'cbf6d68860afd8dcfb99ce12edb899a9eb275398', 'satterfield.info', NULL, 'Ex id ut quaerat. Eius et illum cumque voluptates consectetur voluptatem distinctio.', '2020-08-23 10:29:20', '2013-04-27 05:39:30');
INSERT INTO `product_access` (`id`, `name`, `product_access_type`, `product_id`, `login`, `password_hash`, `host`, `options`, `notes`, `created_at`, `updated_at`) VALUES ('104', 'numquam', '7', '8', 'bfgt', 'fa1eba71804c408ea18a93c29dee371c1aef2b28', 'russel.com', NULL, 'Debitis impedit autem ducimus velit. Corporis distinctio fugit laborum et architecto in. Aut modi nemo est non repellendus illum. Quam iste incidunt nihil omnis hic et.', '1983-02-09 12:49:14', '1987-05-26 04:59:18');
INSERT INTO `product_access` (`id`, `name`, `product_access_type`, `product_id`, `login`, `password_hash`, `host`, `options`, `notes`, `created_at`, `updated_at`) VALUES ('105', 'laboriosam', '7', '3', 'ishq', '9d91269162c1ea77260ea46b299227d6ad39fb22', 'carter.com', NULL, 'Nulla pariatur itaque aut ut illum qui. Maiores repellendus odio fugit quae. Voluptas commodi alias similique consequatur.', '1990-03-18 02:41:47', '1977-01-10 07:43:11');
INSERT INTO `product_access` (`id`, `name`, `product_access_type`, `product_id`, `login`, `password_hash`, `host`, `options`, `notes`, `created_at`, `updated_at`) VALUES ('106', 'ipsam', '6', '5', 'egxr', '443c77592bd0c3df976279452702714a1682d8c2', 'collinskuphal.biz', NULL, 'Unde animi tempora laboriosam et. Occaecati quas hic aut. Sed dolorum hic molestiae inventore non vel voluptate.', '1974-06-14 09:44:04', '2011-09-04 10:31:25');
INSERT INTO `product_access` (`id`, `name`, `product_access_type`, `product_id`, `login`, `password_hash`, `host`, `options`, `notes`, `created_at`, `updated_at`) VALUES ('107', 'magnam', '4', '1', 'gdhx', 'cc856bf7f342811223099782be4f92fef4bab836', 'von.biz', NULL, 'Quia et ad at rerum dolorem explicabo iusto. Aut aut illum qui voluptates sint natus ea.', '2004-02-08 21:58:18', '2004-11-29 15:42:59');
INSERT INTO `product_access` (`id`, `name`, `product_access_type`, `product_id`, `login`, `password_hash`, `host`, `options`, `notes`, `created_at`, `updated_at`) VALUES ('108', 'fugiat', '3', '2', 'ytet', 'f5a0d3e18e2e4f055e6a3d7bdfd1faba9db746d1', 'bosco.com', NULL, 'Sit ut aut quod officiis voluptatem fuga. Et voluptatum ipsa assumenda possimus esse earum. Tempora quaerat accusamus repellendus qui odit.', '2017-10-24 16:00:54', '1978-02-12 16:47:15');
INSERT INTO `product_access` (`id`, `name`, `product_access_type`, `product_id`, `login`, `password_hash`, `host`, `options`, `notes`, `created_at`, `updated_at`) VALUES ('109', 'atque', '2', '9', 'mvnn', '023c2d8a8545c8ce13e3f62f6a2afc61c5d9b5e8', 'spinka.com', NULL, 'Porro voluptas maiores perferendis. At vel et magni sint libero beatae. Hic magni ut dolores voluptatibus nemo et.', '1982-12-03 01:42:20', '1974-06-15 14:55:36');
INSERT INTO `product_access` (`id`, `name`, `product_access_type`, `product_id`, `login`, `password_hash`, `host`, `options`, `notes`, `created_at`, `updated_at`) VALUES ('110', 'expedita', '2', '6', 'vmzt', '5e03aae3a7655b24e9722e5b938056c8526991c2', 'corwinblock.com', NULL, 'Quia sed nihil autem odit sequi. Beatae voluptatem non earum odio quas voluptatum. Ea omnis ipsa possimus quo.', '2017-09-22 03:34:57', '2016-10-20 22:10:10');
INSERT INTO `product_access` (`id`, `name`, `product_access_type`, `product_id`, `login`, `password_hash`, `host`, `options`, `notes`, `created_at`, `updated_at`) VALUES ('111', 'sunt', '2', '5', 'rypy', 'bd91bc592b77ecd427d566b746989c5a4d9f6744', 'williamsonkuhlman.info', NULL, 'Facere fugit debitis omnis voluptatibus nobis harum. Enim et soluta doloremque accusantium magni magnam. Autem aut molestias aut ullam dolor neque incidunt. Placeat cupiditate ea incidunt et incidunt iure.', '1984-04-09 06:29:31', '1980-05-26 23:17:50');
INSERT INTO `product_access` (`id`, `name`, `product_access_type`, `product_id`, `login`, `password_hash`, `host`, `options`, `notes`, `created_at`, `updated_at`) VALUES ('112', 'et', '2', '7', 'gssf', '70b6156fd852f5bf31509c9b71a58aea73037436', 'cristheller.com', NULL, 'Mollitia reprehenderit et est architecto ut aliquid. Voluptas a quisquam et consequatur non dolores. Et qui tenetur dicta aliquid illum ut sed.', '1979-08-15 08:41:47', '1980-12-05 23:46:29');
INSERT INTO `product_access` (`id`, `name`, `product_access_type`, `product_id`, `login`, `password_hash`, `host`, `options`, `notes`, `created_at`, `updated_at`) VALUES ('113', 'rerum', '7', '2', 'thsf', '1812f7710dc2a432c2605d533a90f35d4e6a2c9e', 'konopelski.com', NULL, 'Non repudiandae est voluptatem. Nulla provident voluptate delectus amet voluptatibus. Odio reprehenderit necessitatibus sunt sed excepturi qui facere eum. Neque alias aut eveniet dicta fuga.', '1975-07-26 02:31:41', '1989-09-10 00:56:06');
INSERT INTO `product_access` (`id`, `name`, `product_access_type`, `product_id`, `login`, `password_hash`, `host`, `options`, `notes`, `created_at`, `updated_at`) VALUES ('114', 'at', '2', '2', 'izyr', '3ca9194c3a8f3e1286aa3f911705c11642307334', 'wuckertheaney.com', NULL, 'Eum aut distinctio et similique quia neque illum. Qui culpa sit ipsa qui. Dolorem pariatur ea exercitationem omnis fugiat quia temporibus odio. Ad quos perferendis sed aut vitae sint.', '1986-08-14 12:14:55', '1980-11-15 11:50:37');
INSERT INTO `product_access` (`id`, `name`, `product_access_type`, `product_id`, `login`, `password_hash`, `host`, `options`, `notes`, `created_at`, `updated_at`) VALUES ('115', 'aut', '2', '9', 'xcjz', '39244c9a090379aed69f51d3e3245de00e279a60', 'mosciski.net', NULL, 'Molestiae voluptas nisi dignissimos molestias rerum. Ea vero dolor molestias consequatur consequatur. In velit rerum ex voluptatem.', '2018-07-14 22:06:34', '2001-05-27 14:59:12');
INSERT INTO `product_access` (`id`, `name`, `product_access_type`, `product_id`, `login`, `password_hash`, `host`, `options`, `notes`, `created_at`, `updated_at`) VALUES ('116', 'reiciendis', '2', '0', 'qbdp', '5a1defff93351c39088dc11c379c34fdb9fb5477', 'witting.com', NULL, 'Dolor perferendis consequatur aut enim deleniti eaque quaerat voluptates. Omnis magnam tenetur sed quis. Nemo itaque vero sit dolores perspiciatis magnam saepe minus.', '1996-05-05 11:48:40', '1985-10-21 07:11:50');
INSERT INTO `product_access` (`id`, `name`, `product_access_type`, `product_id`, `login`, `password_hash`, `host`, `options`, `notes`, `created_at`, `updated_at`) VALUES ('117', 'earum', '6', '5', 'nsdp', '5364d14094ed6a97e93469201d8d5f35f69d1117', 'rathstracke.com', NULL, 'Atque qui quia aut enim ea. Sed harum impedit consequatur modi doloremque neque nihil. Neque vero aut architecto voluptatem rem vel. Autem quia voluptas quia et quia earum et.', '2006-05-15 01:02:14', '1973-01-01 23:54:36');
INSERT INTO `product_access` (`id`, `name`, `product_access_type`, `product_id`, `login`, `password_hash`, `host`, `options`, `notes`, `created_at`, `updated_at`) VALUES ('118', 'aliquam', '1', '2', 'thee', '2b73afd068ca34237b4ac26898e69fb78183d691', 'spinka.com', NULL, 'Aliquid voluptatem reprehenderit velit vel fuga asperiores magnam. Unde numquam quia commodi reprehenderit. Natus dolore nihil animi ea velit.', '1997-11-20 12:47:21', '2011-02-05 17:24:50');
INSERT INTO `product_access` (`id`, `name`, `product_access_type`, `product_id`, `login`, `password_hash`, `host`, `options`, `notes`, `created_at`, `updated_at`) VALUES ('119', 'ut', '8', '2', 'kxva', '7b0ae6b60afab47f9f1c4ce3c5e24e68f3dc075e', 'larkinfunk.com', NULL, 'Doloribus sed consequatur distinctio fugit. Voluptatem corrupti recusandae aut et repudiandae. Quo officia soluta sint odio.', '1986-03-01 00:11:27', '2009-11-16 10:11:49');
INSERT INTO `product_access` (`id`, `name`, `product_access_type`, `product_id`, `login`, `password_hash`, `host`, `options`, `notes`, `created_at`, `updated_at`) VALUES ('120', 'ab', '3', '9', 'lauk', '361ef3026d7e5f203174aa0bc23527af071bfbd2', 'berge.com', NULL, 'Asperiores dicta nesciunt cum assumenda voluptatibus. In illo quia et. Iste et dolor ut exercitationem itaque quibusdam qui.', '2011-07-16 18:06:15', '2014-12-25 07:02:35');
INSERT INTO `product_access` (`id`, `name`, `product_access_type`, `product_id`, `login`, `password_hash`, `host`, `options`, `notes`, `created_at`, `updated_at`) VALUES ('121', 'quia', '6', '6', 'xccd', 'fb6566c2f827cb564f880cc54d9a45954c0b7441', 'harvey.info', NULL, 'Sunt veritatis vero nemo. Error nobis odio maxime id totam ratione sapiente. Labore occaecati consequatur quaerat soluta rerum. Quia dolorum ea velit vel placeat et.', '2017-03-09 20:45:28', '2003-03-31 02:01:52');
INSERT INTO `product_access` (`id`, `name`, `product_access_type`, `product_id`, `login`, `password_hash`, `host`, `options`, `notes`, `created_at`, `updated_at`) VALUES ('122', 'accusantium', '2', '0', 'csec', '736a7464c11161037b84e4c514d11f25e8c5e48c', 'sanfordhilpert.com', NULL, 'Vel voluptas aliquid distinctio aut perferendis culpa optio. Corrupti aut est dicta voluptate. Voluptatem culpa atque qui.', '2000-10-28 12:30:01', '1974-03-02 19:35:20');
INSERT INTO `product_access` (`id`, `name`, `product_access_type`, `product_id`, `login`, `password_hash`, `host`, `options`, `notes`, `created_at`, `updated_at`) VALUES ('123', 'cum', '7', '9', 'ovuh', '964511dca0b8cc9aaed2dbeb2d317e4afdbd9706', 'reilly.org', NULL, 'Quidem rerum optio itaque qui aliquid rerum. Consequuntur ipsum saepe rerum dolor voluptate cumque. Tempore ut non sunt aut aspernatur blanditiis odit et.', '2002-01-02 03:08:14', '1994-11-04 17:03:04');
INSERT INTO `product_access` (`id`, `name`, `product_access_type`, `product_id`, `login`, `password_hash`, `host`, `options`, `notes`, `created_at`, `updated_at`) VALUES ('124', 'non', '5', '2', 'pabz', 'b8db1fbb98493e7b3aee74f1c2c5b4f36dabfc70', 'gibson.biz', NULL, 'Nostrum voluptas itaque quam id cum. Quis est officiis ipsa enim delectus. Accusamus autem quos iste ratione eos. Quis cum suscipit in illum ut consequatur ratione.', '2011-07-26 02:21:15', '2013-05-19 22:09:10');
INSERT INTO `product_access` (`id`, `name`, `product_access_type`, `product_id`, `login`, `password_hash`, `host`, `options`, `notes`, `created_at`, `updated_at`) VALUES ('125', 'corporis', '8', '8', 'tdvc', 'b0d369d6681bf020638daa9de1791f1a5fbf0b17', 'pollich.com', NULL, 'Vel et perspiciatis ut repellendus dicta vitae. Consequatur sint et nulla voluptatem. Dolorem et ut voluptas dolor possimus vitae sunt qui. Culpa voluptas et voluptatibus beatae et ullam libero.', '2009-06-18 00:22:22', '1989-05-07 09:07:38');
INSERT INTO `product_access` (`id`, `name`, `product_access_type`, `product_id`, `login`, `password_hash`, `host`, `options`, `notes`, `created_at`, `updated_at`) VALUES ('126', 'et', '4', '6', 'btyc', '309d2747174fa1c38d60db7400dbddad0e562a00', 'zemlakkuhic.com', NULL, 'Occaecati animi sint amet quae provident voluptatem consequuntur. Sit fuga odio atque incidunt. Corporis laudantium sed debitis dolorem autem. Et eius quia dolore quia.', '1984-02-18 20:01:35', '1978-05-06 07:43:54');
INSERT INTO `product_access` (`id`, `name`, `product_access_type`, `product_id`, `login`, `password_hash`, `host`, `options`, `notes`, `created_at`, `updated_at`) VALUES ('127', 'saepe', '1', '0', 'rnan', 'addcb4df0136667ad7e13fc2b07d3668448ac77f', 'littelemmerich.net', NULL, 'Iste non aspernatur ut expedita quia. Illo porro sed sit minima. Aut itaque libero similique sunt sed dolores. Voluptatem recusandae sit atque. Sed sed ut aliquam asperiores dolorem ipsum et.', '1976-06-16 08:21:28', '1972-09-15 08:48:10');
INSERT INTO `product_access` (`id`, `name`, `product_access_type`, `product_id`, `login`, `password_hash`, `host`, `options`, `notes`, `created_at`, `updated_at`) VALUES ('128', 'sit', '1', '6', 'vqfu', 'a0ecac9d81c522612becf749956cd45130df3494', 'kuhlman.com', NULL, 'Id neque aliquam perferendis dolorem optio consequatur repellat. Id tempore est magnam veniam. Delectus est eos ipsa fugiat quia. Incidunt sit perspiciatis magni consequatur nemo quo voluptas.', '2011-04-27 09:13:58', '2011-08-29 13:17:23');
INSERT INTO `product_access` (`id`, `name`, `product_access_type`, `product_id`, `login`, `password_hash`, `host`, `options`, `notes`, `created_at`, `updated_at`) VALUES ('129', 'sed', '1', '1', 'zjey', 'b62682b187345c3356c8602bb05c80e9fb1b5392', 'mcclure.com', NULL, 'Reprehenderit iure qui molestias odio voluptas temporibus. Adipisci autem debitis quidem labore consequatur labore. Magni non esse tenetur consectetur consequatur voluptas ab. Sint dolore consequatur corrupti et enim.', '1992-08-21 07:05:49', '2002-05-03 01:29:33');
INSERT INTO `product_access` (`id`, `name`, `product_access_type`, `product_id`, `login`, `password_hash`, `host`, `options`, `notes`, `created_at`, `updated_at`) VALUES ('130', 'sapiente', '1', '3', 'agix', '012b5cbc33e38d2dfacf4f545c0bbe76efa9f5b2', 'white.biz', NULL, 'Dolor nemo iusto atque doloribus et itaque hic praesentium. Eos et qui saepe consequatur consequatur. Rerum laboriosam mollitia perferendis et et officiis.', '1975-06-20 05:37:35', '2005-12-01 10:47:56');
INSERT INTO `product_access` (`id`, `name`, `product_access_type`, `product_id`, `login`, `password_hash`, `host`, `options`, `notes`, `created_at`, `updated_at`) VALUES ('131', 'ratione', '4', '4', 'qbco', 'b880d7da9e5adf5ae9a778668bc10d3bad72c89d', 'kundeosinski.org', NULL, 'Tempora voluptates omnis animi aliquam quibusdam hic. Laborum cum enim quae et quis quidem delectus. Hic dolores ut consequatur hic magni laudantium. Natus praesentium iusto distinctio fugiat. Odit deleniti officiis similique vitae exercitationem explicab', '2012-09-06 17:41:44', '1995-06-29 23:15:42');
INSERT INTO `product_access` (`id`, `name`, `product_access_type`, `product_id`, `login`, `password_hash`, `host`, `options`, `notes`, `created_at`, `updated_at`) VALUES ('132', 'qui', '4', '8', 'kewp', 'c561a51dd583a6cf4f9a4183dbcf7e391df73358', 'wisoky.com', NULL, 'Occaecati excepturi laboriosam vel non provident. Omnis doloribus illo ipsa rerum et ad blanditiis. Quo occaecati et optio voluptatem magni nemo. Sit accusantium natus corporis molestiae reprehenderit quibusdam tempora.', '2009-08-30 05:07:29', '1986-05-10 00:50:13');
INSERT INTO `product_access` (`id`, `name`, `product_access_type`, `product_id`, `login`, `password_hash`, `host`, `options`, `notes`, `created_at`, `updated_at`) VALUES ('133', 'non', '8', '7', 'ftdz', '28b3aeff66a7a1349647a5f5e311eb88643db7f6', 'nicolas.com', NULL, 'Nostrum eligendi quia voluptatem facere suscipit. Libero fugiat nam aut quia ea nemo est. Adipisci quia quos nostrum et modi omnis. Dolor libero id ad similique.', '1990-12-06 09:02:24', '2009-09-24 16:09:33');
INSERT INTO `product_access` (`id`, `name`, `product_access_type`, `product_id`, `login`, `password_hash`, `host`, `options`, `notes`, `created_at`, `updated_at`) VALUES ('134', 'quia', '6', '1', 'wixm', '7dd64ddea4da88ab21485019b06a80196ed641d6', 'cartwright.net', NULL, 'Alias modi quia voluptatibus iure aut perferendis. Natus sapiente molestias qui soluta dolores. Omnis voluptas quo repellendus ea qui nam saepe.', '1974-07-13 00:22:10', '1986-09-17 09:08:20');
INSERT INTO `product_access` (`id`, `name`, `product_access_type`, `product_id`, `login`, `password_hash`, `host`, `options`, `notes`, `created_at`, `updated_at`) VALUES ('135', 'consequatur', '5', '7', 'rnhq', '1f33f116eecaebdab66bd16d6d352e2e2719830b', 'erdman.com', NULL, 'Eaque temporibus necessitatibus aspernatur aliquid quisquam. Eligendi dolores provident enim deleniti maiores. Inventore incidunt facere itaque sequi voluptate. Sit eum aperiam ipsa explicabo id.', '2006-04-18 07:42:30', '1988-10-27 03:12:15');
INSERT INTO `product_access` (`id`, `name`, `product_access_type`, `product_id`, `login`, `password_hash`, `host`, `options`, `notes`, `created_at`, `updated_at`) VALUES ('136', 'et', '1', '6', 'mscf', 'b93528ca4fb104361a4301d60023c9c3447b5f60', 'schroedergoldner.net', NULL, 'Amet earum omnis autem dignissimos. Corporis maxime omnis ducimus sunt aspernatur quidem optio. Ut non at ut veniam veniam est aliquam.', '1984-02-06 01:19:31', '1971-10-15 19:25:10');
INSERT INTO `product_access` (`id`, `name`, `product_access_type`, `product_id`, `login`, `password_hash`, `host`, `options`, `notes`, `created_at`, `updated_at`) VALUES ('137', 'error', '3', '4', 'dojr', '8635a8231ef8d4e25e1a50daa6438bf9a5dde814', 'pacochaankunding.com', NULL, 'Et illo animi repudiandae rem nemo. Voluptas omnis aperiam porro delectus nam nobis. Nulla expedita saepe optio pariatur aut omnis consequuntur. Sint error quas id. Sed ut placeat in et.', '2011-01-31 19:07:53', '1974-06-04 18:20:33');
INSERT INTO `product_access` (`id`, `name`, `product_access_type`, `product_id`, `login`, `password_hash`, `host`, `options`, `notes`, `created_at`, `updated_at`) VALUES ('138', 'non', '6', '3', 'zvvt', '021549b61ae459fd064855973bf099693bdba637', 'schiller.com', NULL, 'Enim ad est id repellendus eligendi impedit. Amet inventore ab ipsam alias et. Veritatis aut deserunt aperiam quia autem est quia. Enim eum nesciunt et non.', '2017-10-16 06:07:05', '1996-01-22 16:14:18');
INSERT INTO `product_access` (`id`, `name`, `product_access_type`, `product_id`, `login`, `password_hash`, `host`, `options`, `notes`, `created_at`, `updated_at`) VALUES ('139', 'cum', '3', '6', 'vfim', '0a8966809737ec5454f9da6825ab5784ce897f04', 'streichosinski.com', NULL, 'Dicta ex aut voluptate voluptates ut voluptatum sed culpa. Quas corrupti at nobis veniam voluptatum accusamus vel. Minima eum non repudiandae vel possimus cum et. Officiis voluptas quisquam eos.', '1980-10-28 07:41:15', '2016-08-13 20:27:03');
INSERT INTO `product_access` (`id`, `name`, `product_access_type`, `product_id`, `login`, `password_hash`, `host`, `options`, `notes`, `created_at`, `updated_at`) VALUES ('140', 'amet', '7', '4', 'wvwt', 'b609d531e58cfb5eec17549af849a96c57eed6cd', 'gutmann.com', NULL, 'At maiores excepturi veritatis earum placeat. Voluptate sapiente et incidunt repudiandae distinctio quos nostrum. Soluta maxime deserunt omnis illo veritatis explicabo vero suscipit.', '1998-01-08 19:49:59', '2010-02-02 18:30:05');
INSERT INTO `product_access` (`id`, `name`, `product_access_type`, `product_id`, `login`, `password_hash`, `host`, `options`, `notes`, `created_at`, `updated_at`) VALUES ('141', 'expedita', '2', '2', 'aiqg', '7883f2cbca9be845a1ab54654d4c858716cda8fb', 'nienow.org', NULL, 'Aut expedita veniam similique aut totam. Consectetur ipsam nostrum consequuntur molestiae et. Sunt et dignissimos fuga ab voluptas nihil repudiandae. Aut ipsam repellendus excepturi aut dicta mollitia quos.', '2004-11-22 07:44:00', '2006-04-13 02:51:57');
INSERT INTO `product_access` (`id`, `name`, `product_access_type`, `product_id`, `login`, `password_hash`, `host`, `options`, `notes`, `created_at`, `updated_at`) VALUES ('142', 'neque', '1', '1', 'lqez', '49a00eac0ea64c409c8a6cd68b31e04ce62a5880', 'kozeypfeffer.info', NULL, 'Iste non doloremque soluta et cumque eveniet aperiam. Explicabo dolor nam est. Est in quibusdam dolorem qui voluptas.', '1991-07-30 14:02:01', '2018-04-21 23:31:37');
INSERT INTO `product_access` (`id`, `name`, `product_access_type`, `product_id`, `login`, `password_hash`, `host`, `options`, `notes`, `created_at`, `updated_at`) VALUES ('143', 'tenetur', '6', '7', 'cdsh', 'bf7b935289594db95f92c62ef0c97618f502b837', 'heathcote.info', NULL, 'Ut dolores ipsam est architecto ut veniam aspernatur. Sed non animi et et voluptas et alias. Voluptas velit sapiente rerum delectus quis quo porro.', '1989-09-24 12:44:30', '2003-02-23 22:10:19');
INSERT INTO `product_access` (`id`, `name`, `product_access_type`, `product_id`, `login`, `password_hash`, `host`, `options`, `notes`, `created_at`, `updated_at`) VALUES ('144', 'nesciunt', '5', '8', 'syba', 'af0422c79bf7dc8f0941653a0ceec3baf55b90e2', 'bartoletti.info', NULL, 'Non ut et culpa. Vero voluptas libero corrupti et.', '1990-08-30 11:43:19', '1990-10-04 03:38:35');
INSERT INTO `product_access` (`id`, `name`, `product_access_type`, `product_id`, `login`, `password_hash`, `host`, `options`, `notes`, `created_at`, `updated_at`) VALUES ('145', 'omnis', '1', '5', 'emla', 'eca42192ef79decf495a7f7ca383adf95aec288b', 'boyleanderson.biz', NULL, 'Dicta in dolores consequatur qui sit laboriosam. Est quidem corrupti nobis nostrum. Dicta pariatur molestias in. Id exercitationem eius exercitationem.', '1982-09-12 14:00:10', '1992-03-01 19:13:06');
INSERT INTO `product_access` (`id`, `name`, `product_access_type`, `product_id`, `login`, `password_hash`, `host`, `options`, `notes`, `created_at`, `updated_at`) VALUES ('146', 'tempore', '3', '9', 'coms', '7ce391c0dc304f69845a219fd77c7e67ad774e12', 'dickens.com', NULL, 'Praesentium omnis id corrupti. Quia perspiciatis nesciunt nesciunt dolorem culpa. Sapiente nemo voluptatem in quaerat facere. Aut accusamus repellat quis a porro et fugiat.', '1994-12-29 08:25:25', '1999-03-26 15:54:36');
INSERT INTO `product_access` (`id`, `name`, `product_access_type`, `product_id`, `login`, `password_hash`, `host`, `options`, `notes`, `created_at`, `updated_at`) VALUES ('147', 'ea', '7', '6', 'aiys', '892e3546c701a6de736f4baf6937ac42dc7d1b71', 'mckenzie.com', NULL, 'Sint aut tempora ut quia eos. Quas enim officia ducimus a. Eum est quisquam nesciunt.', '1999-07-28 05:46:37', '1974-08-21 04:15:08');
INSERT INTO `product_access` (`id`, `name`, `product_access_type`, `product_id`, `login`, `password_hash`, `host`, `options`, `notes`, `created_at`, `updated_at`) VALUES ('148', 'consequatur', '6', '4', 'ptnp', '3e7522e9c0825187668000853b01d5012c474fb9', 'kub.com', NULL, 'Sit omnis ut harum iusto est non tenetur. Rerum et optio aut quidem dolores quia occaecati. Rerum ut non dolores molestias quis laudantium quas.', '1980-04-05 02:07:16', '2010-06-29 00:37:54');
INSERT INTO `product_access` (`id`, `name`, `product_access_type`, `product_id`, `login`, `password_hash`, `host`, `options`, `notes`, `created_at`, `updated_at`) VALUES ('149', 'omnis', '1', '9', 'pdzf', '4d38f54d002131c1131f38c599882b0f26854ea1', 'hettinger.com', NULL, 'Aspernatur voluptatem molestiae sint quia occaecati sapiente doloremque. At et ab odit est quasi molestiae consequatur qui. Et optio quos minus optio doloremque ullam maxime.', '2001-01-22 11:36:34', '1983-12-23 13:55:24');
INSERT INTO `product_access` (`id`, `name`, `product_access_type`, `product_id`, `login`, `password_hash`, `host`, `options`, `notes`, `created_at`, `updated_at`) VALUES ('150', 'dolorem', '4', '4', 'uwee', '7b2a9814624627873f9b2beec02a569fdd22c860', 'riceortiz.com', NULL, 'Mollitia hic quia dignissimos non. Ea adipisci nihil magnam eaque sunt omnis fugiat quis. Aut ipsa cumque consequatur incidunt. Quam consequuntur delectus quae labore et non itaque.', '1978-01-13 08:55:58', '2018-07-20 04:29:06');
INSERT INTO `product_access` (`id`, `name`, `product_access_type`, `product_id`, `login`, `password_hash`, `host`, `options`, `notes`, `created_at`, `updated_at`) VALUES ('151', 'quo', '8', '3', 'mzcl', '9201b57aafd4550b95b5940f6f3fbfcc92406b2c', 'hoppe.info', NULL, 'Voluptatibus totam nostrum quos non et suscipit et. Aut quis neque placeat illo consectetur odio beatae.', '1974-10-11 23:12:54', '1971-05-06 23:04:17');
INSERT INTO `product_access` (`id`, `name`, `product_access_type`, `product_id`, `login`, `password_hash`, `host`, `options`, `notes`, `created_at`, `updated_at`) VALUES ('152', 'sint', '4', '5', 'ulnr', '32b77c91aaa2a0663719a3d585b352d37b51e699', 'crist.biz', NULL, 'Mollitia tempora deserunt qui eos quo est officiis. Aliquam accusantium voluptas officiis tenetur incidunt eaque. Iure omnis deserunt et cum cum ullam eaque. Eveniet labore inventore officia aperiam non iste est.', '2013-10-09 04:36:36', '1978-01-09 01:53:00');
INSERT INTO `product_access` (`id`, `name`, `product_access_type`, `product_id`, `login`, `password_hash`, `host`, `options`, `notes`, `created_at`, `updated_at`) VALUES ('153', 'dicta', '2', '8', 'jdsg', 'f933307a204df9c8d4098af20dae8998a6060027', 'rowe.net', NULL, 'Rerum rerum rerum quidem doloremque magnam placeat ratione. Officia repellat asperiores est pariatur qui voluptatem possimus. Repellat voluptate dolorem minima est. Natus soluta odit ea necessitatibus rerum eveniet.', '1985-08-02 09:02:26', '1971-12-18 15:04:51');
INSERT INTO `product_access` (`id`, `name`, `product_access_type`, `product_id`, `login`, `password_hash`, `host`, `options`, `notes`, `created_at`, `updated_at`) VALUES ('154', 'corporis', '5', '8', 'jjnq', '8314667088f4580f950bb04885aeacd8edac45e0', 'lakin.com', NULL, 'Nostrum perspiciatis temporibus quia cumque rem maiores. Qui autem est odit. Soluta dolorum autem non velit sed qui.', '1979-09-12 08:00:40', '1980-05-19 15:37:50');
INSERT INTO `product_access` (`id`, `name`, `product_access_type`, `product_id`, `login`, `password_hash`, `host`, `options`, `notes`, `created_at`, `updated_at`) VALUES ('155', 'voluptas', '5', '1', 'wtmb', '63658b5e4151487b5b606b426963a13af503cec7', 'heidenreich.net', NULL, 'Qui voluptatibus nulla eos voluptatem. Exercitationem dolorem in animi debitis pariatur harum. Voluptas aperiam dolores dolor sequi at facilis.', '1973-08-20 04:03:06', '1973-03-24 12:19:10');
INSERT INTO `product_access` (`id`, `name`, `product_access_type`, `product_id`, `login`, `password_hash`, `host`, `options`, `notes`, `created_at`, `updated_at`) VALUES ('156', 'temporibus', '1', '1', 'ygsv', 'fdc4513317728902817aae7c1f57452cb3f190c7', 'kuhlman.com', NULL, 'Rem voluptatum nobis maiores eos voluptatibus numquam soluta. Dolores error ratione est animi. Qui accusantium consequatur alias optio tempore.', '1973-01-23 12:28:08', '1974-09-16 15:18:33');
INSERT INTO `product_access` (`id`, `name`, `product_access_type`, `product_id`, `login`, `password_hash`, `host`, `options`, `notes`, `created_at`, `updated_at`) VALUES ('157', 'non', '3', '8', 'ijhc', '137c0a4d6b5f0e6d4348991ee09d827acfa38033', 'wizahammes.com', NULL, 'Blanditiis ullam ducimus cumque nihil omnis tempore enim placeat. Est sint qui cupiditate quaerat. Et ut repellendus laboriosam cupiditate saepe fugiat. Deserunt autem ut ullam nihil qui. Rerum totam ut non dolores sunt molestiae eaque.', '1973-12-30 17:10:08', '1989-02-28 23:25:55');
INSERT INTO `product_access` (`id`, `name`, `product_access_type`, `product_id`, `login`, `password_hash`, `host`, `options`, `notes`, `created_at`, `updated_at`) VALUES ('158', 'ab', '5', '9', 'hyqg', '999900dab648dce1517538e3e6d44ad4e22ad7d3', 'white.biz', NULL, 'Unde et autem facilis delectus nulla reiciendis aspernatur. Dolor vero dolorum sit quidem ad eius quo. Quod incidunt ut suscipit temporibus quo. Corporis aperiam vel nihil laboriosam quidem.', '2007-12-13 07:45:06', '1976-02-29 09:59:05');
INSERT INTO `product_access` (`id`, `name`, `product_access_type`, `product_id`, `login`, `password_hash`, `host`, `options`, `notes`, `created_at`, `updated_at`) VALUES ('159', 'et', '3', '7', 'xvan', '8618af48ba5f6966877c3e48670f3ff5814fb822', 'purdy.com', NULL, 'Libero quia dolor minima sint blanditiis quisquam quia. Exercitationem sit beatae tempora. Aut autem sit voluptas consectetur. Facere labore ea laborum aliquid.', '1994-01-18 15:17:56', '2008-02-18 00:45:45');
INSERT INTO `product_access` (`id`, `name`, `product_access_type`, `product_id`, `login`, `password_hash`, `host`, `options`, `notes`, `created_at`, `updated_at`) VALUES ('160', 'atque', '8', '0', 'niam', '67867c837f93810d5e630c18c4be12f534959425', 'markscole.com', NULL, 'Minus eligendi aut et eius totam aliquid aut. Molestias quisquam sint aut doloribus.', '2015-12-07 13:06:10', '1973-07-27 21:39:32');
INSERT INTO `product_access` (`id`, `name`, `product_access_type`, `product_id`, `login`, `password_hash`, `host`, `options`, `notes`, `created_at`, `updated_at`) VALUES ('161', 'est', '8', '4', 'vxxw', '4ff8c72284cd85a29df4269539829a985e5277a2', 'bayer.com', NULL, 'Quibusdam maxime blanditiis accusantium. Quaerat dignissimos a quos et non.', '1974-03-02 05:43:36', '2006-11-19 17:35:46');
INSERT INTO `product_access` (`id`, `name`, `product_access_type`, `product_id`, `login`, `password_hash`, `host`, `options`, `notes`, `created_at`, `updated_at`) VALUES ('162', 'omnis', '2', '5', 'fasm', '17bde2f36914983845eecce2b79dbbb706990ca2', 'corkery.org', NULL, 'Aut qui sed ut corrupti. Asperiores eum qui voluptas repellendus. Dicta minus libero repellat molestiae error. Quibusdam ratione voluptatibus quis rerum.', '2007-12-04 18:04:50', '1978-02-24 00:21:42');
INSERT INTO `product_access` (`id`, `name`, `product_access_type`, `product_id`, `login`, `password_hash`, `host`, `options`, `notes`, `created_at`, `updated_at`) VALUES ('163', 'aut', '6', '1', 'xmzm', '3835edd6b69ab25a16235748babada179629582b', 'barrows.com', NULL, 'Vitae id asperiores molestiae laborum autem veritatis qui. Commodi molestiae debitis ipsum perferendis praesentium. Sapiente tempora qui illo perferendis aliquam facere dolorum aliquid. Nemo et amet aut voluptas.', '2008-07-18 18:33:36', '2013-06-25 15:41:22');
INSERT INTO `product_access` (`id`, `name`, `product_access_type`, `product_id`, `login`, `password_hash`, `host`, `options`, `notes`, `created_at`, `updated_at`) VALUES ('164', 'modi', '8', '8', 'lngf', '331a455099b3fac55a4e4846e1665a5f8e791517', 'padberg.org', NULL, 'Dolorem eos eaque rerum qui voluptatem itaque porro. Et tenetur et enim. Dolores et expedita dolorem dolores beatae ex quia.', '1993-07-31 09:32:50', '2020-12-13 23:31:39');
INSERT INTO `product_access` (`id`, `name`, `product_access_type`, `product_id`, `login`, `password_hash`, `host`, `options`, `notes`, `created_at`, `updated_at`) VALUES ('165', 'similique', '5', '0', 'bevl', 'd249f8581abacda485b4ff59ff279a85d522b3fe', 'darebotsford.com', NULL, 'Aspernatur natus eos sit distinctio et et aut quo. Corrupti id non delectus et autem aut omnis. Inventore praesentium illo quo. Facere perferendis quis voluptatem sit assumenda.', '1972-01-01 22:06:05', '1974-11-09 04:01:14');
INSERT INTO `product_access` (`id`, `name`, `product_access_type`, `product_id`, `login`, `password_hash`, `host`, `options`, `notes`, `created_at`, `updated_at`) VALUES ('166', 'laborum', '7', '6', 'bkhp', '0fb792f73b3a2b802be014e7a45d5f0ad86ec5aa', 'terryfeil.info', NULL, 'Adipisci modi quo quas nesciunt praesentium est sequi. Officiis amet saepe voluptates quibusdam dolor quas error. Aliquam eveniet ab ipsum amet nostrum. Consequatur aut iusto a consequatur nobis.', '1989-04-09 20:08:56', '2008-08-20 22:29:57');
INSERT INTO `product_access` (`id`, `name`, `product_access_type`, `product_id`, `login`, `password_hash`, `host`, `options`, `notes`, `created_at`, `updated_at`) VALUES ('167', 'quaerat', '4', '2', 'lzdq', '2cf781d7635c824a9c01a798fbb8fc4f7db99068', 'hayesdickens.net', NULL, 'Occaecati expedita veritatis labore dolore consectetur suscipit. In vero sed error architecto odio voluptates dolorem incidunt. Dolorem voluptatem deleniti deserunt velit laboriosam et veritatis. Qui ut non omnis est aliquid.', '2012-01-28 09:19:03', '2003-05-08 00:33:31');
INSERT INTO `product_access` (`id`, `name`, `product_access_type`, `product_id`, `login`, `password_hash`, `host`, `options`, `notes`, `created_at`, `updated_at`) VALUES ('168', 'tenetur', '4', '4', 'xtmu', '23c5da640a0fc7f450edb7a264e529b706fbafaf', 'maggio.com', NULL, 'Optio quae accusantium qui et distinctio officiis. Non est esse doloribus fugiat et. Nihil deserunt id id qui nihil perspiciatis.', '2014-02-15 12:12:10', '2011-07-11 04:33:01');
INSERT INTO `product_access` (`id`, `name`, `product_access_type`, `product_id`, `login`, `password_hash`, `host`, `options`, `notes`, `created_at`, `updated_at`) VALUES ('169', 'aperiam', '8', '1', 'daaq', '71a3074a074300d0356ef256d7c45b2cc6cfaeac', 'durgangrady.com', NULL, 'Velit nulla dolores temporibus soluta laudantium sunt eligendi. Quae est itaque perspiciatis aspernatur vel. Saepe odio corporis nam assumenda.', '2011-12-10 10:40:08', '2015-05-17 21:16:38');
INSERT INTO `product_access` (`id`, `name`, `product_access_type`, `product_id`, `login`, `password_hash`, `host`, `options`, `notes`, `created_at`, `updated_at`) VALUES ('170', 'sunt', '6', '8', 'ezjx', '90c0ef3f810426a47f6a3b9f6091eb451a8731ec', 'jakubowski.info', NULL, 'Ipsa est necessitatibus dicta inventore. Sunt sed molestias sit consectetur reprehenderit beatae. Consequatur dignissimos autem fugit et occaecati ut.', '2008-03-01 00:22:16', '1980-05-30 12:05:46');
INSERT INTO `product_access` (`id`, `name`, `product_access_type`, `product_id`, `login`, `password_hash`, `host`, `options`, `notes`, `created_at`, `updated_at`) VALUES ('171', 'dolorem', '7', '0', 'ghyj', 'ae9bbf951c83dadc2a4dde207be61bb43348314e', 'bergstrom.org', NULL, 'Officiis ut beatae repellendus. Non dolor ab exercitationem sapiente vel. Veritatis excepturi at deserunt quo.', '2009-11-12 06:46:52', '1988-12-26 00:04:40');
INSERT INTO `product_access` (`id`, `name`, `product_access_type`, `product_id`, `login`, `password_hash`, `host`, `options`, `notes`, `created_at`, `updated_at`) VALUES ('172', 'amet', '4', '6', 'kanz', '6c1186c8c06ae724ef29b44b167a35c24295af9a', 'barrows.biz', NULL, 'Distinctio consequatur soluta sunt qui commodi odio omnis adipisci. Eos consequuntur necessitatibus illum praesentium quis. Ut et velit repudiandae rerum maxime et repellendus.', '1993-12-10 11:52:36', '1999-12-03 00:03:56');
INSERT INTO `product_access` (`id`, `name`, `product_access_type`, `product_id`, `login`, `password_hash`, `host`, `options`, `notes`, `created_at`, `updated_at`) VALUES ('173', 'repudiandae', '4', '3', 'aatm', '4c56102734243d2d359a7781ab9db3b5e3bebd60', 'nolankris.com', NULL, 'Ut quae ut consequuntur rerum aut. Eaque sint ex qui nihil cum illo. Optio sed corporis architecto qui.', '1981-04-04 14:07:23', '1981-09-12 10:56:49');
INSERT INTO `product_access` (`id`, `name`, `product_access_type`, `product_id`, `login`, `password_hash`, `host`, `options`, `notes`, `created_at`, `updated_at`) VALUES ('174', 'voluptatibus', '8', '2', 'ngdc', 'e6784a18848de55c7e53b6481e7cd3c6d2254bb7', 'boyer.biz', NULL, 'Ducimus ullam nostrum illo deleniti saepe voluptates vero. Similique non commodi quis neque. Autem ducimus cupiditate aliquam quas. Sequi modi quod assumenda totam culpa. Nihil accusamus error velit eius officiis cupiditate.', '1984-05-13 17:24:30', '1974-10-21 12:40:52');
INSERT INTO `product_access` (`id`, `name`, `product_access_type`, `product_id`, `login`, `password_hash`, `host`, `options`, `notes`, `created_at`, `updated_at`) VALUES ('175', 'praesentium', '7', '3', 'xolv', 'f7d4c17e325fd7279583ba9cf9422539b43abfcc', 'purdy.com', NULL, 'Odio occaecati sed quisquam cupiditate. Sapiente porro qui magnam porro laboriosam explicabo. Ut repellat quas qui consequatur ut sit illum. Maxime praesentium qui laborum deleniti.', '2009-07-10 13:48:52', '1986-06-11 00:46:38');
INSERT INTO `product_access` (`id`, `name`, `product_access_type`, `product_id`, `login`, `password_hash`, `host`, `options`, `notes`, `created_at`, `updated_at`) VALUES ('176', 'illo', '1', '8', 'btha', 'b2ea1d59a4024f9d3313c9d3418e0ac2c4959847', 'cassincarroll.com', NULL, 'Enim aut modi harum assumenda corporis. Culpa et et aut excepturi id voluptatum. At dolor in voluptas sit accusantium. Natus quasi molestiae fugit inventore. Et velit occaecati recusandae est dolorum dolorem.', '2002-10-01 11:14:54', '1983-08-16 13:28:54');
INSERT INTO `product_access` (`id`, `name`, `product_access_type`, `product_id`, `login`, `password_hash`, `host`, `options`, `notes`, `created_at`, `updated_at`) VALUES ('177', 'qui', '2', '9', 'dhbo', '27c29ce0ceca2154881f47d9697d94046a3c5a8e', 'turcotte.info', NULL, 'Ea facilis consequatur id sed ut. Ad ut est perspiciatis. Excepturi culpa ut voluptatem. Voluptatem sed hic aut sunt eum fuga consequuntur.', '2016-10-29 12:54:50', '2012-04-20 01:34:43');
INSERT INTO `product_access` (`id`, `name`, `product_access_type`, `product_id`, `login`, `password_hash`, `host`, `options`, `notes`, `created_at`, `updated_at`) VALUES ('178', 'voluptate', '7', '0', 'bgzx', 'a3d9d1a9ac36207a0f0a21289b0267a6179b03cb', 'cummings.org', NULL, 'Quidem consectetur modi est odit itaque. Et at nemo quia ut tenetur laborum non. Eos ut autem odit fugit aut ratione. Sed suscipit autem itaque odio.', '1993-03-21 16:07:23', '1971-09-14 05:01:43');
INSERT INTO `product_access` (`id`, `name`, `product_access_type`, `product_id`, `login`, `password_hash`, `host`, `options`, `notes`, `created_at`, `updated_at`) VALUES ('179', 'id', '7', '8', 'atcl', 'fa1a5f0408209910a3c8f8e8904306744bc2da27', 'sengercrona.net', NULL, 'Repellendus quam est dolorum sit deleniti. Est sed voluptatibus sed ut voluptas amet tempore. Numquam consequatur eos et aut sunt.', '1991-06-21 22:23:33', '2017-12-19 14:34:01');
INSERT INTO `product_access` (`id`, `name`, `product_access_type`, `product_id`, `login`, `password_hash`, `host`, `options`, `notes`, `created_at`, `updated_at`) VALUES ('180', 'officiis', '1', '8', 'mfdu', '704d6ceca4423fb6909b6ec6fcaba0f07f94e85d', 'dicki.com', NULL, 'Nulla quas voluptate recusandae rem aut vitae quidem perferendis. Tempora dolores neque quam. Voluptates reiciendis rerum explicabo. Neque distinctio non occaecati voluptatibus.', '2011-10-11 12:21:52', '1998-06-02 13:52:06');
INSERT INTO `product_access` (`id`, `name`, `product_access_type`, `product_id`, `login`, `password_hash`, `host`, `options`, `notes`, `created_at`, `updated_at`) VALUES ('181', 'nesciunt', '7', '0', 'kjku', 'da7a017671f050531ac1b425cf467d8c1e9f8255', 'rohan.info', NULL, 'Et molestiae pariatur sint sed expedita. Molestiae voluptatibus est reiciendis et aut. Temporibus ex alias labore est velit.', '1978-10-16 05:23:55', '1972-05-19 23:30:16');
INSERT INTO `product_access` (`id`, `name`, `product_access_type`, `product_id`, `login`, `password_hash`, `host`, `options`, `notes`, `created_at`, `updated_at`) VALUES ('182', 'enim', '2', '4', 'ehkq', '00f38f2ada5bcb059e8295dd592972c60e675456', 'farrell.info', NULL, 'Blanditiis similique modi velit in ut. Atque commodi ipsum labore quis eum et quibusdam. Rem reiciendis nihil quam aperiam.', '1989-06-21 18:48:04', '1979-07-04 22:21:41');
INSERT INTO `product_access` (`id`, `name`, `product_access_type`, `product_id`, `login`, `password_hash`, `host`, `options`, `notes`, `created_at`, `updated_at`) VALUES ('183', 'non', '7', '2', 'xxwn', 'f9384ca73568f980360c4f71d7b38e48a7d9d65f', 'schneider.biz', NULL, 'Laboriosam est sequi nihil. Aut enim mollitia blanditiis quae. Accusantium quia fugit quo et temporibus exercitationem incidunt molestiae.', '1993-11-22 10:42:41', '2015-05-30 07:25:17');
INSERT INTO `product_access` (`id`, `name`, `product_access_type`, `product_id`, `login`, `password_hash`, `host`, `options`, `notes`, `created_at`, `updated_at`) VALUES ('184', 'quasi', '7', '3', 'ghok', 'e5afcf6005b8f75c9abef7592bec87696f97cbf2', 'kassulkedibbert.com', NULL, 'Iste quae quis nulla. Aut natus ipsum sit velit ipsa. Ut ut enim quam et voluptatum. Ex harum ad et nesciunt consequatur provident.', '1980-05-01 05:30:50', '2006-09-30 17:45:35');
INSERT INTO `product_access` (`id`, `name`, `product_access_type`, `product_id`, `login`, `password_hash`, `host`, `options`, `notes`, `created_at`, `updated_at`) VALUES ('185', 'vitae', '4', '8', 'qhlf', 'bf5df9fd53a9313f103d7abe0612502a32258860', 'corkery.biz', NULL, 'Suscipit neque harum molestiae sit quo incidunt minima. Sed suscipit magnam non quia repudiandae consectetur. Enim quia nostrum eum.', '1982-07-18 02:21:42', '2005-12-06 03:46:24');
INSERT INTO `product_access` (`id`, `name`, `product_access_type`, `product_id`, `login`, `password_hash`, `host`, `options`, `notes`, `created_at`, `updated_at`) VALUES ('186', 'quidem', '4', '5', 'cgiz', 'edb3e620891e0f2d8e6ba5f5b2699a71babab153', 'pfeffer.com', NULL, 'Quo quisquam ut ullam qui fugit. Temporibus impedit quam illum sunt. Qui et architecto quis et quia. Nobis enim fugiat eveniet quos mollitia sint.', '2020-07-09 22:20:09', '1988-02-03 17:03:49');
INSERT INTO `product_access` (`id`, `name`, `product_access_type`, `product_id`, `login`, `password_hash`, `host`, `options`, `notes`, `created_at`, `updated_at`) VALUES ('187', 'quasi', '7', '7', 'tgwu', '539e19fbcf1d3b5093517e5bbece07d987d7361f', 'kertzmannohara.com', NULL, 'Quia voluptatibus excepturi voluptas voluptas culpa voluptatem consequatur. Labore dignissimos harum est quisquam nobis laborum suscipit. Qui eius quia consequatur veritatis repellendus. Fugiat veritatis enim sit.', '1972-02-11 04:17:30', '1999-02-09 18:12:42');
INSERT INTO `product_access` (`id`, `name`, `product_access_type`, `product_id`, `login`, `password_hash`, `host`, `options`, `notes`, `created_at`, `updated_at`) VALUES ('188', 'qui', '5', '2', 'nvkm', '792632eb1b9a93491badaf7b786e928654278fde', 'waelchiarmstrong.info', NULL, 'Est autem itaque dolor quidem autem. Et quaerat libero voluptatem et rerum. Voluptatem non omnis et. Fuga distinctio et assumenda officia et dolorem. Sed enim facere aliquid quas.', '1988-02-23 01:07:35', '1980-06-29 20:00:47');
INSERT INTO `product_access` (`id`, `name`, `product_access_type`, `product_id`, `login`, `password_hash`, `host`, `options`, `notes`, `created_at`, `updated_at`) VALUES ('189', 'veniam', '6', '6', 'gouq', '74ce1a11acd9e1ed674f1352c6b0eaf39b811f8d', 'bernier.info', NULL, 'Repudiandae aliquid sed placeat doloribus. Odio harum voluptatem voluptatem voluptas. Illum reprehenderit quam illo ut omnis. Alias repellendus dolor sed sed commodi recusandae ea.', '1986-08-02 03:56:58', '1989-07-15 13:09:16');
INSERT INTO `product_access` (`id`, `name`, `product_access_type`, `product_id`, `login`, `password_hash`, `host`, `options`, `notes`, `created_at`, `updated_at`) VALUES ('190', 'at', '7', '6', 'tuuk', '31577799b348e7467b0f6897a0ee83225911077a', 'cummerata.com', NULL, 'Enim totam consequuntur modi voluptatem minus itaque tenetur. Sit atque delectus magni odio ut sunt sit ratione.', '1989-05-28 02:42:07', '1990-06-15 14:30:47');
INSERT INTO `product_access` (`id`, `name`, `product_access_type`, `product_id`, `login`, `password_hash`, `host`, `options`, `notes`, `created_at`, `updated_at`) VALUES ('191', 'possimus', '6', '5', 'bfku', '10bb9649f5504c8ecd99fa966bd19416dc244239', 'torphy.com', NULL, 'At ab magni quam est nam eum. Voluptatibus culpa omnis minus. Eos nisi nobis nulla vero.', '2015-10-22 15:39:13', '1999-03-31 20:01:46');
INSERT INTO `product_access` (`id`, `name`, `product_access_type`, `product_id`, `login`, `password_hash`, `host`, `options`, `notes`, `created_at`, `updated_at`) VALUES ('192', 'ut', '3', '4', 'lxom', '0fc9ff9b7745ad04624c69e535e304b04bb3238d', 'hamillschulist.com', NULL, 'Voluptatem non eum dolorem corrupti facilis molestiae eum aut. Reprehenderit pariatur voluptatibus at autem et esse quia. Ad rerum commodi debitis sed temporibus.', '2021-06-02 08:59:20', '1981-12-05 19:29:04');
INSERT INTO `product_access` (`id`, `name`, `product_access_type`, `product_id`, `login`, `password_hash`, `host`, `options`, `notes`, `created_at`, `updated_at`) VALUES ('193', 'sint', '3', '1', 'mppa', '2303b226dc6c2cf8cfe19538d26fe9a3675f277f', 'steuber.com', NULL, 'Odit dolorum quaerat velit enim adipisci voluptate neque. Veritatis iste sunt molestiae quo omnis optio dignissimos architecto. Quam enim dolores et aut eum dolore eum. Nam accusantium totam voluptatem eum accusantium animi.', '1974-06-24 04:27:06', '2014-05-12 19:08:01');
INSERT INTO `product_access` (`id`, `name`, `product_access_type`, `product_id`, `login`, `password_hash`, `host`, `options`, `notes`, `created_at`, `updated_at`) VALUES ('194', 'voluptas', '6', '8', 'hprb', 'e86f0946259d4d35f6320e074ddee29ae52f3cf8', 'kuhicskiles.com', NULL, 'Ea odit ex iste reiciendis mollitia. Ut dolores ut in esse et quo. Perspiciatis odio nulla non omnis. Eligendi distinctio ad eum.', '2016-04-09 01:07:14', '2017-08-23 06:47:39');
INSERT INTO `product_access` (`id`, `name`, `product_access_type`, `product_id`, `login`, `password_hash`, `host`, `options`, `notes`, `created_at`, `updated_at`) VALUES ('195', 'maiores', '3', '0', 'bmth', 'd255c01125ef34d718958a7246afe95cbad0488f', 'fritschlubowitz.com', NULL, 'Et qui mollitia velit sit. Culpa ut rem corporis sunt nobis inventore. Vel vero sunt et quam saepe eveniet earum sit. Neque recusandae laborum expedita dolorem dolor suscipit amet tempore.', '2020-02-04 02:06:13', '2009-04-06 18:34:57');
INSERT INTO `product_access` (`id`, `name`, `product_access_type`, `product_id`, `login`, `password_hash`, `host`, `options`, `notes`, `created_at`, `updated_at`) VALUES ('196', 'labore', '4', '1', 'ones', 'e01e94415e1746b8f3eeac1d8c03a98510f22746', 'mosciski.org', NULL, 'Nulla ducimus corporis neque praesentium omnis voluptatem eum. Dolores sed rem et pariatur beatae. Quis nisi voluptatem sunt corporis quia tempore quaerat suscipit. Officiis quisquam ut dolorem omnis.', '2007-09-11 01:35:21', '2002-09-09 14:15:54');
INSERT INTO `product_access` (`id`, `name`, `product_access_type`, `product_id`, `login`, `password_hash`, `host`, `options`, `notes`, `created_at`, `updated_at`) VALUES ('197', 'sit', '3', '9', 'aaee', 'a119c40cb9100c2421c5cc44120dba38d86410f7', 'ortiz.info', NULL, 'Ea repudiandae quidem soluta asperiores. Et neque ea et voluptas. Placeat laboriosam voluptatem molestiae iste totam sunt nulla. Est omnis maxime molestiae quia nemo in autem et.', '1992-09-22 07:04:45', '2014-11-22 09:04:09');
INSERT INTO `product_access` (`id`, `name`, `product_access_type`, `product_id`, `login`, `password_hash`, `host`, `options`, `notes`, `created_at`, `updated_at`) VALUES ('198', 'voluptate', '7', '4', 'jmyx', '095828af345d819449f213d713938d3638f0d77b', 'frami.com', NULL, 'Atque ullam iste quis rerum excepturi distinctio. Cupiditate perferendis voluptate exercitationem quia mollitia amet maiores. Ut praesentium et labore. Numquam et quisquam saepe quo.', '1974-10-03 17:57:28', '1989-09-05 09:14:19');
INSERT INTO `product_access` (`id`, `name`, `product_access_type`, `product_id`, `login`, `password_hash`, `host`, `options`, `notes`, `created_at`, `updated_at`) VALUES ('199', 'in', '1', '4', 'jrzh', 'de250a45da2d8afc6866e6b02d0c4a363ddc6ac4', 'huels.com', NULL, 'Officiis in vero voluptatem id neque est. Repudiandae incidunt totam dolorum optio quisquam. Consequuntur provident qui sapiente sed id molestiae.', '2002-12-05 05:04:19', '2013-01-08 11:59:57');
INSERT INTO `product_access` (`id`, `name`, `product_access_type`, `product_id`, `login`, `password_hash`, `host`, `options`, `notes`, `created_at`, `updated_at`) VALUES ('200', 'sit', '2', '5', 'itxn', '9f50dc00376b977add58d52a4c79bfafc20c90d4', 'keebler.com', NULL, 'Modi aut ut reprehenderit quia. Qui nostrum rerum et distinctio facilis sed maiores. Reiciendis velit quibusdam eum omnis. Veritatis sit iusto veniam vitae numquam voluptas quas.', '2005-05-11 23:21:21', '1984-12-15 02:12:30');

INSERT INTO `service_type` (`id`, `name`, `created_at`, `updated_at`) VALUES ('1', 'SSL сертификат', '1992-12-19 05:09:26', '1977-10-02 16:12:34');
INSERT INTO `service_type` (`id`, `name`, `created_at`, `updated_at`) VALUES ('2', 'домен', '1995-08-14 05:58:32', '1976-04-24 00:13:10');
INSERT INTO `service_type` (`id`, `name`, `created_at`, `updated_at`) VALUES ('3', 'хостинг', '1988-01-08 17:11:49', '1996-01-29 02:14:16');
INSERT INTO `service_type` (`id`, `name`, `created_at`, `updated_at`) VALUES ('4', 'лицензия 1С Битрикс', '2000-02-11 09:30:14', '2008-05-19 19:27:35');

INSERT INTO `service` (`id`, `name`, `service_type`, `company_id`, `prolongation_at`, `product_access`, `created_at`, `updated_at`) VALUES ('1', 'dolore', '3', '16', '1977-09-20 15:10:07', '98', '1995-04-09 10:19:03', '2017-09-21 02:59:57');
INSERT INTO `service` (`id`, `name`, `service_type`, `company_id`, `prolongation_at`, `product_access`, `created_at`, `updated_at`) VALUES ('2', 'quam', '2', '43', '2018-10-07 21:04:42', '91', '1976-03-21 07:11:45', '2019-05-31 19:44:26');
INSERT INTO `service` (`id`, `name`, `service_type`, `company_id`, `prolongation_at`, `product_access`, `created_at`, `updated_at`) VALUES ('3', 'natus', '2', '3', '2019-09-06 09:58:33', '161', '2006-05-16 13:37:33', '1991-12-28 18:57:08');
INSERT INTO `service` (`id`, `name`, `service_type`, `company_id`, `prolongation_at`, `product_access`, `created_at`, `updated_at`) VALUES ('4', 'explicabo', '3', '36', '2020-03-19 20:39:57', '1', '1972-05-29 06:26:35', '1974-03-30 16:35:53');
INSERT INTO `service` (`id`, `name`, `service_type`, `company_id`, `prolongation_at`, `product_access`, `created_at`, `updated_at`) VALUES ('5', 'est', '1', '49', '1997-01-21 04:38:11', '23', '1992-09-11 09:16:18', '1990-06-28 13:57:44');
INSERT INTO `service` (`id`, `name`, `service_type`, `company_id`, `prolongation_at`, `product_access`, `created_at`, `updated_at`) VALUES ('6', 'repellendus', '4', '45', '1999-07-03 08:02:11', '96', '1987-06-08 01:10:59', '1993-01-09 16:58:47');
INSERT INTO `service` (`id`, `name`, `service_type`, `company_id`, `prolongation_at`, `product_access`, `created_at`, `updated_at`) VALUES ('7', 'est', '1', '40', '1997-01-21 14:18:26', '142', '2004-03-10 19:24:19', '1981-05-18 07:32:04');
INSERT INTO `service` (`id`, `name`, `service_type`, `company_id`, `prolongation_at`, `product_access`, `created_at`, `updated_at`) VALUES ('8', 'assumenda', '4', '35', '2006-01-30 02:12:27', '49', '2010-09-30 11:27:47', '2017-10-13 14:05:02');
INSERT INTO `service` (`id`, `name`, `service_type`, `company_id`, `prolongation_at`, `product_access`, `created_at`, `updated_at`) VALUES ('9', 'eum', '4', '13', '1982-09-28 09:45:20', '148', '1988-07-11 17:03:12', '1988-07-07 20:26:38');
INSERT INTO `service` (`id`, `name`, `service_type`, `company_id`, `prolongation_at`, `product_access`, `created_at`, `updated_at`) VALUES ('10', 'velit', '4', '31', '1986-02-25 04:10:41', '29', '1998-03-09 18:24:55', '2014-06-10 17:55:23');
INSERT INTO `service` (`id`, `name`, `service_type`, `company_id`, `prolongation_at`, `product_access`, `created_at`, `updated_at`) VALUES ('11', 'doloribus', '4', '44', '1995-04-25 22:20:45', '72', '1993-02-07 07:30:29', '1999-09-29 16:43:31');
INSERT INTO `service` (`id`, `name`, `service_type`, `company_id`, `prolongation_at`, `product_access`, `created_at`, `updated_at`) VALUES ('12', 'ducimus', '4', '47', '1993-11-14 14:23:34', '192', '2011-05-25 08:13:49', '1976-09-06 09:14:56');
INSERT INTO `service` (`id`, `name`, `service_type`, `company_id`, `prolongation_at`, `product_access`, `created_at`, `updated_at`) VALUES ('13', 'sapiente', '1', '29', '2002-09-30 06:31:20', '5', '1980-10-11 21:12:29', '2003-12-18 00:45:25');
INSERT INTO `service` (`id`, `name`, `service_type`, `company_id`, `prolongation_at`, `product_access`, `created_at`, `updated_at`) VALUES ('14', 'sint', '3', '2', '2014-05-28 11:57:07', '190', '1980-10-26 20:49:02', '2005-03-17 21:20:09');
INSERT INTO `service` (`id`, `name`, `service_type`, `company_id`, `prolongation_at`, `product_access`, `created_at`, `updated_at`) VALUES ('15', 'ipsa', '1', '13', '2002-05-01 00:53:00', '18', '2018-10-18 15:02:39', '1994-06-30 21:37:53');
INSERT INTO `service` (`id`, `name`, `service_type`, `company_id`, `prolongation_at`, `product_access`, `created_at`, `updated_at`) VALUES ('16', 'qui', '2', '21', '2001-02-28 09:26:25', '35', '2019-05-12 14:05:04', '1990-05-31 23:26:25');
INSERT INTO `service` (`id`, `name`, `service_type`, `company_id`, `prolongation_at`, `product_access`, `created_at`, `updated_at`) VALUES ('17', 'vero', '4', '30', '1975-08-27 02:55:43', '13', '1996-12-19 18:51:55', '1983-03-08 00:33:33');
INSERT INTO `service` (`id`, `name`, `service_type`, `company_id`, `prolongation_at`, `product_access`, `created_at`, `updated_at`) VALUES ('18', 'itaque', '3', '22', '2015-04-27 04:08:42', '84', '2005-07-01 18:02:02', '1986-02-16 12:26:23');
INSERT INTO `service` (`id`, `name`, `service_type`, `company_id`, `prolongation_at`, `product_access`, `created_at`, `updated_at`) VALUES ('19', 'perspiciatis', '2', '14', '2012-10-19 10:22:38', '158', '2006-09-22 21:37:34', '1980-10-21 21:38:48');
INSERT INTO `service` (`id`, `name`, `service_type`, `company_id`, `prolongation_at`, `product_access`, `created_at`, `updated_at`) VALUES ('20', 'modi', '4', '16', '1999-12-06 03:53:22', '63', '1984-01-09 23:25:50', '2001-04-03 07:52:46');
INSERT INTO `service` (`id`, `name`, `service_type`, `company_id`, `prolongation_at`, `product_access`, `created_at`, `updated_at`) VALUES ('21', 'asperiores', '2', '12', '1974-08-28 14:24:34', '178', '2013-11-24 13:04:08', '1990-06-26 04:47:46');
INSERT INTO `service` (`id`, `name`, `service_type`, `company_id`, `prolongation_at`, `product_access`, `created_at`, `updated_at`) VALUES ('22', 'inventore', '1', '6', '1976-01-13 09:44:18', '109', '1994-05-25 07:18:33', '2010-01-29 09:15:29');
INSERT INTO `service` (`id`, `name`, `service_type`, `company_id`, `prolongation_at`, `product_access`, `created_at`, `updated_at`) VALUES ('23', 'exercitationem', '2', '33', '1996-08-03 14:42:04', '146', '2002-06-04 11:33:37', '2012-05-17 03:41:11');
INSERT INTO `service` (`id`, `name`, `service_type`, `company_id`, `prolongation_at`, `product_access`, `created_at`, `updated_at`) VALUES ('24', 'repudiandae', '4', '36', '2008-01-10 01:19:34', '79', '1985-02-15 08:36:21', '2014-08-07 19:00:22');
INSERT INTO `service` (`id`, `name`, `service_type`, `company_id`, `prolongation_at`, `product_access`, `created_at`, `updated_at`) VALUES ('25', 'rem', '1', '17', '2004-09-20 18:14:32', '191', '1986-07-11 08:49:46', '1986-11-23 19:56:28');
INSERT INTO `service` (`id`, `name`, `service_type`, `company_id`, `prolongation_at`, `product_access`, `created_at`, `updated_at`) VALUES ('26', 'tenetur', '1', '40', '1970-05-31 10:04:04', '128', '2003-08-18 11:46:31', '1988-04-14 23:12:22');
INSERT INTO `service` (`id`, `name`, `service_type`, `company_id`, `prolongation_at`, `product_access`, `created_at`, `updated_at`) VALUES ('27', 'illo', '3', '19', '2008-05-17 22:56:26', '169', '1983-10-31 16:51:01', '1984-02-09 05:27:39');
INSERT INTO `service` (`id`, `name`, `service_type`, `company_id`, `prolongation_at`, `product_access`, `created_at`, `updated_at`) VALUES ('28', 'quia', '4', '28', '1986-07-09 10:37:59', '173', '2012-07-05 19:26:44', '1995-03-11 06:57:45');
INSERT INTO `service` (`id`, `name`, `service_type`, `company_id`, `prolongation_at`, `product_access`, `created_at`, `updated_at`) VALUES ('29', 'fugiat', '2', '36', '1977-08-15 04:30:49', '36', '1992-03-13 09:12:24', '1979-12-12 13:17:26');
INSERT INTO `service` (`id`, `name`, `service_type`, `company_id`, `prolongation_at`, `product_access`, `created_at`, `updated_at`) VALUES ('30', 'vitae', '1', '27', '1985-10-18 13:28:07', '99', '2013-03-03 05:34:49', '1994-09-17 12:20:05');
INSERT INTO `service` (`id`, `name`, `service_type`, `company_id`, `prolongation_at`, `product_access`, `created_at`, `updated_at`) VALUES ('31', 'pariatur', '3', '19', '2004-12-05 08:09:17', '40', '1981-01-06 04:43:31', '2004-07-03 13:37:18');
INSERT INTO `service` (`id`, `name`, `service_type`, `company_id`, `prolongation_at`, `product_access`, `created_at`, `updated_at`) VALUES ('32', 'beatae', '2', '28', '1990-04-01 13:52:31', '111', '2012-02-04 10:26:21', '1977-03-17 07:51:21');
INSERT INTO `service` (`id`, `name`, `service_type`, `company_id`, `prolongation_at`, `product_access`, `created_at`, `updated_at`) VALUES ('33', 'perspiciatis', '3', '21', '1987-04-22 23:14:53', '126', '2007-06-26 18:57:08', '2011-08-09 19:13:30');
INSERT INTO `service` (`id`, `name`, `service_type`, `company_id`, `prolongation_at`, `product_access`, `created_at`, `updated_at`) VALUES ('34', 'explicabo', '1', '33', '1972-01-09 04:15:07', '91', '2013-11-29 08:16:33', '1989-11-17 16:55:54');
INSERT INTO `service` (`id`, `name`, `service_type`, `company_id`, `prolongation_at`, `product_access`, `created_at`, `updated_at`) VALUES ('35', 'qui', '1', '27', '1977-10-19 10:57:04', '109', '1981-12-10 03:40:30', '1981-12-24 15:24:00');
INSERT INTO `service` (`id`, `name`, `service_type`, `company_id`, `prolongation_at`, `product_access`, `created_at`, `updated_at`) VALUES ('36', 'illum', '4', '16', '1972-08-20 05:15:47', '2', '1995-01-08 03:33:20', '1982-11-10 03:57:32');
INSERT INTO `service` (`id`, `name`, `service_type`, `company_id`, `prolongation_at`, `product_access`, `created_at`, `updated_at`) VALUES ('37', 'in', '3', '37', '1971-02-23 17:40:19', '190', '2018-08-08 17:13:48', '2003-09-09 19:08:22');
INSERT INTO `service` (`id`, `name`, `service_type`, `company_id`, `prolongation_at`, `product_access`, `created_at`, `updated_at`) VALUES ('38', 'possimus', '3', '40', '1976-09-07 05:32:18', '57', '2009-03-16 09:35:02', '2020-09-14 13:00:08');
INSERT INTO `service` (`id`, `name`, `service_type`, `company_id`, `prolongation_at`, `product_access`, `created_at`, `updated_at`) VALUES ('39', 'et', '2', '43', '1995-01-25 02:33:56', '105', '1976-03-14 22:18:18', '1993-03-28 18:58:23');
INSERT INTO `service` (`id`, `name`, `service_type`, `company_id`, `prolongation_at`, `product_access`, `created_at`, `updated_at`) VALUES ('40', 'asperiores', '1', '20', '1978-03-27 21:07:07', '185', '1995-06-05 15:26:41', '2018-06-30 06:20:52');
INSERT INTO `service` (`id`, `name`, `service_type`, `company_id`, `prolongation_at`, `product_access`, `created_at`, `updated_at`) VALUES ('41', 'dolor', '1', '11', '1998-12-17 19:25:02', '2', '2004-10-01 18:00:24', '2003-10-27 18:32:05');
INSERT INTO `service` (`id`, `name`, `service_type`, `company_id`, `prolongation_at`, `product_access`, `created_at`, `updated_at`) VALUES ('42', 'id', '2', '4', '1971-12-14 23:17:38', '122', '2004-02-19 14:58:56', '2005-05-27 01:37:03');
INSERT INTO `service` (`id`, `name`, `service_type`, `company_id`, `prolongation_at`, `product_access`, `created_at`, `updated_at`) VALUES ('43', 'atque', '4', '20', '1980-11-19 01:42:44', '194', '2004-07-23 04:39:07', '1985-07-04 14:58:28');
INSERT INTO `service` (`id`, `name`, `service_type`, `company_id`, `prolongation_at`, `product_access`, `created_at`, `updated_at`) VALUES ('44', 'dicta', '2', '5', '1977-03-11 23:50:31', '6', '1993-03-10 12:00:03', '1981-06-23 00:56:18');
INSERT INTO `service` (`id`, `name`, `service_type`, `company_id`, `prolongation_at`, `product_access`, `created_at`, `updated_at`) VALUES ('45', 'ducimus', '2', '8', '2018-01-25 02:29:35', '163', '2013-05-18 03:54:40', '1981-08-09 01:59:31');
INSERT INTO `service` (`id`, `name`, `service_type`, `company_id`, `prolongation_at`, `product_access`, `created_at`, `updated_at`) VALUES ('46', 'ipsam', '3', '3', '1984-02-21 02:58:19', '151', '2018-04-18 22:08:42', '1997-06-05 11:56:11');
INSERT INTO `service` (`id`, `name`, `service_type`, `company_id`, `prolongation_at`, `product_access`, `created_at`, `updated_at`) VALUES ('47', 'dignissimos', '3', '11', '1999-12-04 10:52:39', '95', '1979-08-05 04:43:38', '2013-06-10 09:25:59');
INSERT INTO `service` (`id`, `name`, `service_type`, `company_id`, `prolongation_at`, `product_access`, `created_at`, `updated_at`) VALUES ('48', 'porro', '1', '40', '2016-12-06 23:19:45', '122', '1975-07-20 04:55:55', '1991-12-01 23:34:59');
INSERT INTO `service` (`id`, `name`, `service_type`, `company_id`, `prolongation_at`, `product_access`, `created_at`, `updated_at`) VALUES ('49', 'dolorem', '1', '4', '2018-04-29 08:13:48', '97', '1984-07-11 10:56:02', '2017-11-19 12:35:48');
INSERT INTO `service` (`id`, `name`, `service_type`, `company_id`, `prolongation_at`, `product_access`, `created_at`, `updated_at`) VALUES ('50', 'et', '2', '38', '2000-03-05 20:42:17', '64', '1990-05-31 17:15:50', '1993-12-25 23:59:30');
INSERT INTO `service` (`id`, `name`, `service_type`, `company_id`, `prolongation_at`, `product_access`, `created_at`, `updated_at`) VALUES ('51', 'sit', '1', '19', '2018-10-21 12:43:49', '91', '1980-10-14 10:08:35', '1980-08-05 16:09:46');
INSERT INTO `service` (`id`, `name`, `service_type`, `company_id`, `prolongation_at`, `product_access`, `created_at`, `updated_at`) VALUES ('52', 'optio', '1', '32', '1991-07-31 18:15:01', '186', '2003-04-16 11:05:12', '1986-06-28 16:36:45');
INSERT INTO `service` (`id`, `name`, `service_type`, `company_id`, `prolongation_at`, `product_access`, `created_at`, `updated_at`) VALUES ('53', 'fugiat', '2', '10', '1983-04-03 23:17:50', '166', '2015-08-19 02:16:18', '2007-01-15 01:10:26');
INSERT INTO `service` (`id`, `name`, `service_type`, `company_id`, `prolongation_at`, `product_access`, `created_at`, `updated_at`) VALUES ('54', 'et', '3', '16', '2001-10-01 12:31:58', '94', '2004-08-29 03:29:35', '1981-07-31 09:55:41');
INSERT INTO `service` (`id`, `name`, `service_type`, `company_id`, `prolongation_at`, `product_access`, `created_at`, `updated_at`) VALUES ('55', 'aut', '1', '37', '1999-03-16 19:29:17', '50', '2000-09-22 23:14:15', '1991-11-09 12:01:14');
INSERT INTO `service` (`id`, `name`, `service_type`, `company_id`, `prolongation_at`, `product_access`, `created_at`, `updated_at`) VALUES ('56', 'est', '2', '34', '1985-02-11 20:22:16', '82', '2003-01-22 05:21:05', '2009-11-25 23:31:55');
INSERT INTO `service` (`id`, `name`, `service_type`, `company_id`, `prolongation_at`, `product_access`, `created_at`, `updated_at`) VALUES ('57', 'voluptates', '4', '30', '1992-03-22 02:33:17', '22', '1976-07-27 08:14:02', '1986-05-14 15:11:41');
INSERT INTO `service` (`id`, `name`, `service_type`, `company_id`, `prolongation_at`, `product_access`, `created_at`, `updated_at`) VALUES ('58', 'natus', '1', '21', '1978-02-07 15:11:29', '57', '2003-10-15 14:21:19', '2017-11-28 22:00:29');
INSERT INTO `service` (`id`, `name`, `service_type`, `company_id`, `prolongation_at`, `product_access`, `created_at`, `updated_at`) VALUES ('59', 'sunt', '1', '34', '1999-12-02 00:53:08', '182', '1985-05-01 14:47:19', '1981-11-03 09:59:05');
INSERT INTO `service` (`id`, `name`, `service_type`, `company_id`, `prolongation_at`, `product_access`, `created_at`, `updated_at`) VALUES ('60', 'est', '4', '41', '1980-08-24 11:54:58', '138', '1976-04-12 10:07:27', '2001-03-02 11:51:49');
INSERT INTO `service` (`id`, `name`, `service_type`, `company_id`, `prolongation_at`, `product_access`, `created_at`, `updated_at`) VALUES ('61', 'eaque', '4', '43', '1997-07-16 08:29:26', '90', '1987-02-25 20:15:14', '2005-05-14 03:12:02');
INSERT INTO `service` (`id`, `name`, `service_type`, `company_id`, `prolongation_at`, `product_access`, `created_at`, `updated_at`) VALUES ('62', 'quia', '1', '6', '2001-03-04 11:04:01', '193', '1987-03-11 13:18:49', '2000-10-08 16:58:29');
INSERT INTO `service` (`id`, `name`, `service_type`, `company_id`, `prolongation_at`, `product_access`, `created_at`, `updated_at`) VALUES ('63', 'aut', '4', '3', '1985-04-17 16:31:57', '14', '2019-11-07 09:24:13', '2012-11-29 14:15:56');
INSERT INTO `service` (`id`, `name`, `service_type`, `company_id`, `prolongation_at`, `product_access`, `created_at`, `updated_at`) VALUES ('64', 'ullam', '2', '28', '2003-07-24 18:42:01', '148', '2008-07-10 22:42:15', '1990-08-02 19:44:03');
INSERT INTO `service` (`id`, `name`, `service_type`, `company_id`, `prolongation_at`, `product_access`, `created_at`, `updated_at`) VALUES ('65', 'corporis', '1', '4', '2010-06-09 07:55:40', '133', '2004-05-22 08:31:24', '1992-03-13 06:15:59');
INSERT INTO `service` (`id`, `name`, `service_type`, `company_id`, `prolongation_at`, `product_access`, `created_at`, `updated_at`) VALUES ('66', 'quia', '1', '1', '2009-01-10 16:22:06', '50', '1978-09-22 03:55:49', '1972-10-27 20:01:10');
INSERT INTO `service` (`id`, `name`, `service_type`, `company_id`, `prolongation_at`, `product_access`, `created_at`, `updated_at`) VALUES ('67', 'beatae', '4', '2', '2004-06-29 23:04:04', '170', '2011-11-27 18:52:44', '2000-08-23 10:50:05');
INSERT INTO `service` (`id`, `name`, `service_type`, `company_id`, `prolongation_at`, `product_access`, `created_at`, `updated_at`) VALUES ('68', 'minus', '3', '18', '1986-01-26 00:28:26', '164', '2012-08-07 03:20:12', '1974-03-23 16:44:46');
INSERT INTO `service` (`id`, `name`, `service_type`, `company_id`, `prolongation_at`, `product_access`, `created_at`, `updated_at`) VALUES ('69', 'voluptatem', '4', '22', '1975-09-22 03:52:52', '93', '2019-03-05 07:24:00', '2012-04-20 19:31:08');
INSERT INTO `service` (`id`, `name`, `service_type`, `company_id`, `prolongation_at`, `product_access`, `created_at`, `updated_at`) VALUES ('70', 'veritatis', '1', '44', '2001-12-04 18:43:34', '65', '1976-08-07 02:11:36', '2012-02-11 06:24:33');
INSERT INTO `service` (`id`, `name`, `service_type`, `company_id`, `prolongation_at`, `product_access`, `created_at`, `updated_at`) VALUES ('71', 'quis', '2', '34', '2020-04-28 21:16:09', '51', '2016-04-03 06:21:26', '2008-12-10 15:51:30');
INSERT INTO `service` (`id`, `name`, `service_type`, `company_id`, `prolongation_at`, `product_access`, `created_at`, `updated_at`) VALUES ('72', 'quibusdam', '2', '34', '1976-11-03 21:51:57', '164', '2007-01-11 19:19:17', '1991-08-15 12:02:45');
INSERT INTO `service` (`id`, `name`, `service_type`, `company_id`, `prolongation_at`, `product_access`, `created_at`, `updated_at`) VALUES ('73', 'et', '3', '33', '1975-10-09 20:24:57', '9', '1982-02-01 10:13:34', '2006-01-07 07:42:38');
INSERT INTO `service` (`id`, `name`, `service_type`, `company_id`, `prolongation_at`, `product_access`, `created_at`, `updated_at`) VALUES ('74', 'sint', '1', '13', '1981-01-18 04:50:13', '62', '1983-07-11 11:09:39', '2020-01-16 16:54:54');
INSERT INTO `service` (`id`, `name`, `service_type`, `company_id`, `prolongation_at`, `product_access`, `created_at`, `updated_at`) VALUES ('75', 'officiis', '4', '40', '1982-03-11 10:50:46', '113', '1974-09-02 20:08:31', '1976-06-05 00:39:16');
INSERT INTO `service` (`id`, `name`, `service_type`, `company_id`, `prolongation_at`, `product_access`, `created_at`, `updated_at`) VALUES ('76', 'labore', '1', '12', '2018-10-02 14:56:34', '200', '2020-05-04 23:08:04', '1991-12-13 07:41:13');
INSERT INTO `service` (`id`, `name`, `service_type`, `company_id`, `prolongation_at`, `product_access`, `created_at`, `updated_at`) VALUES ('77', 'dolores', '1', '32', '2012-01-17 05:34:18', '4', '1990-01-01 04:05:02', '2017-07-02 19:45:45');
INSERT INTO `service` (`id`, `name`, `service_type`, `company_id`, `prolongation_at`, `product_access`, `created_at`, `updated_at`) VALUES ('78', 'odit', '2', '10', '1971-09-20 12:48:51', '87', '1999-08-13 15:59:49', '2001-12-14 17:01:43');
INSERT INTO `service` (`id`, `name`, `service_type`, `company_id`, `prolongation_at`, `product_access`, `created_at`, `updated_at`) VALUES ('79', 'tempore', '3', '38', '2009-06-05 05:44:15', '5', '1977-02-26 04:20:06', '1987-10-02 15:11:14');
INSERT INTO `service` (`id`, `name`, `service_type`, `company_id`, `prolongation_at`, `product_access`, `created_at`, `updated_at`) VALUES ('80', 'sed', '4', '5', '1991-01-08 04:03:59', '193', '1977-01-09 20:26:17', '2006-09-08 23:56:32');
INSERT INTO `service` (`id`, `name`, `service_type`, `company_id`, `prolongation_at`, `product_access`, `created_at`, `updated_at`) VALUES ('81', 'delectus', '2', '21', '1972-07-26 23:24:33', '84', '1986-11-28 18:42:15', '2018-03-18 01:21:55');
INSERT INTO `service` (`id`, `name`, `service_type`, `company_id`, `prolongation_at`, `product_access`, `created_at`, `updated_at`) VALUES ('82', 'inventore', '1', '31', '2016-02-29 10:18:15', '186', '2011-05-31 07:13:04', '1987-08-12 05:20:34');
INSERT INTO `service` (`id`, `name`, `service_type`, `company_id`, `prolongation_at`, `product_access`, `created_at`, `updated_at`) VALUES ('83', 'asperiores', '2', '10', '2003-11-11 13:28:48', '56', '2014-08-19 00:01:36', '2007-04-14 11:15:56');
INSERT INTO `service` (`id`, `name`, `service_type`, `company_id`, `prolongation_at`, `product_access`, `created_at`, `updated_at`) VALUES ('84', 'velit', '3', '14', '2010-03-28 22:38:28', '42', '2000-09-04 09:31:41', '2004-06-17 05:00:18');
INSERT INTO `service` (`id`, `name`, `service_type`, `company_id`, `prolongation_at`, `product_access`, `created_at`, `updated_at`) VALUES ('85', 'autem', '4', '47', '2007-09-23 20:01:55', '5', '1971-03-23 16:54:42', '1986-09-29 01:04:04');
INSERT INTO `service` (`id`, `name`, `service_type`, `company_id`, `prolongation_at`, `product_access`, `created_at`, `updated_at`) VALUES ('86', 'commodi', '2', '8', '2005-02-10 02:06:19', '56', '1975-11-03 03:23:48', '2016-11-08 04:59:05');
INSERT INTO `service` (`id`, `name`, `service_type`, `company_id`, `prolongation_at`, `product_access`, `created_at`, `updated_at`) VALUES ('87', 'dolor', '4', '38', '1995-03-06 19:26:31', '9', '1994-02-10 19:02:48', '2018-12-18 10:57:15');
INSERT INTO `service` (`id`, `name`, `service_type`, `company_id`, `prolongation_at`, `product_access`, `created_at`, `updated_at`) VALUES ('88', 'optio', '1', '19', '1996-08-15 11:31:17', '22', '1988-08-03 14:18:25', '2004-10-09 08:27:33');
INSERT INTO `service` (`id`, `name`, `service_type`, `company_id`, `prolongation_at`, `product_access`, `created_at`, `updated_at`) VALUES ('89', 'sed', '4', '23', '1995-12-02 04:43:46', '135', '1991-06-01 17:47:11', '1974-08-20 08:43:38');
INSERT INTO `service` (`id`, `name`, `service_type`, `company_id`, `prolongation_at`, `product_access`, `created_at`, `updated_at`) VALUES ('90', 'quibusdam', '2', '39', '1980-06-17 21:38:18', '96', '1994-06-20 22:21:13', '1972-06-12 12:06:49');
INSERT INTO `service` (`id`, `name`, `service_type`, `company_id`, `prolongation_at`, `product_access`, `created_at`, `updated_at`) VALUES ('91', 'et', '2', '1', '1988-11-23 01:48:55', '112', '1980-01-31 02:37:53', '1979-01-26 01:00:04');
INSERT INTO `service` (`id`, `name`, `service_type`, `company_id`, `prolongation_at`, `product_access`, `created_at`, `updated_at`) VALUES ('92', 'adipisci', '4', '13', '2012-10-14 20:09:46', '8', '1990-03-11 07:43:46', '2019-05-17 14:05:24');
INSERT INTO `service` (`id`, `name`, `service_type`, `company_id`, `prolongation_at`, `product_access`, `created_at`, `updated_at`) VALUES ('93', 'nam', '3', '21', '2021-01-02 04:26:22', '13', '1981-03-24 17:10:07', '1978-10-18 00:37:07');
INSERT INTO `service` (`id`, `name`, `service_type`, `company_id`, `prolongation_at`, `product_access`, `created_at`, `updated_at`) VALUES ('94', 'numquam', '4', '31', '2006-01-22 05:10:14', '85', '1990-04-28 20:42:15', '2009-05-14 02:24:14');
INSERT INTO `service` (`id`, `name`, `service_type`, `company_id`, `prolongation_at`, `product_access`, `created_at`, `updated_at`) VALUES ('95', 'vero', '4', '46', '2009-03-06 17:38:25', '78', '2016-07-28 05:13:00', '2005-09-24 13:56:35');
INSERT INTO `service` (`id`, `name`, `service_type`, `company_id`, `prolongation_at`, `product_access`, `created_at`, `updated_at`) VALUES ('96', 'est', '3', '18', '1995-12-13 14:12:17', '193', '1976-12-20 23:54:29', '2015-07-15 03:32:36');
INSERT INTO `service` (`id`, `name`, `service_type`, `company_id`, `prolongation_at`, `product_access`, `created_at`, `updated_at`) VALUES ('97', 'omnis', '3', '28', '2011-09-04 07:51:46', '88', '2014-05-04 09:38:01', '1976-12-27 15:14:38');
INSERT INTO `service` (`id`, `name`, `service_type`, `company_id`, `prolongation_at`, `product_access`, `created_at`, `updated_at`) VALUES ('98', 'aut', '3', '50', '2017-01-24 03:58:00', '43', '2017-04-15 02:49:15', '1982-09-04 13:59:09');
INSERT INTO `service` (`id`, `name`, `service_type`, `company_id`, `prolongation_at`, `product_access`, `created_at`, `updated_at`) VALUES ('99', 'eligendi', '4', '6', '2004-01-18 16:11:43', '125', '1989-12-05 05:11:37', '1990-01-03 01:10:19');
INSERT INTO `service` (`id`, `name`, `service_type`, `company_id`, `prolongation_at`, `product_access`, `created_at`, `updated_at`) VALUES ('100', 'natus', '2', '24', '2009-11-24 11:17:46', '196', '2020-12-20 16:41:43', '2006-04-26 19:34:50');